date,price
2026/5/19,76952.2
2026/5/18,77425.7
2026/5/17,78135
2026/5/16,79068.8
2026/5/14,79277.8
2026/5/13,80480.9
2026/5/12,81725.2
2026/5/11,82145.7
2026/5/10,80678
2026/5/9,80189.1
2026/5/8,80022
2026/5/7,81425
2026/5/6,80925.1
2026/5/5,79823.9
2026/5/4,78562.5
2026/5/3,78655.3
2026/5/2,78172.1
2026/4/19,75278.4
2026/4/18,75726.2
2026/4/17,77126.9
2026/4/16,75152.1
2026/4/15,74805.1
2026/4/14,74181.6
2026/4/13,74484.6
2026/4/12,70753.4
2026/4/11,73054.3
2026/4/10,72979
2026/4/9,71767.8
2026/4/8,71123.4
2026/4/7,71940.7
2026/4/6,68859.8
2026/4/5,68981.9
2026/4/4,67290.5
2026/4/3,66931.1
2026/4/2,66888.6
2026/4/1,68078.6
2026/3/31,68233.3
2026/3/30,66691.4
2026/3/29,65954.9
2026/3/28,66319.7
2026/3/27,66338.4
2026/3/26,68791.6
2026/3/25,71309.9
2026/3/24,70517.9
2026/3/23,70914.9
2026/3/22,67845.2
2026/3/21,68711.5
2026/3/20,70522.6
2026/3/19,69912.8
2026/3/18,71245.6
2026/3/17,73922.5
2026/3/16,74861.1
2026/3/15,72789.9
2026/3/14,71214.6
2026/3/13,70968.3
2026/3/12,70493.5
2026/3/11,70204.9
2026/3/10,69926.9
2026/3/9,68402.4
2026/3/8,65969.8
2026/3/7,67272.6
2026/3/6,68136.5
2026/3/5,70841.1
2026/3/4,72710.6
2026/3/3,68293.6
2026/3/2,68775.9
2026/3/1,65738.1
2026/2/28,66995.9
2026/2/27,65881.8
2026/2/26,67453.8
2026/2/25,67960.1
2026/2/24,64080
2026/2/23,64616.7
2026/2/22,67659.4
2026/2/21,68003.8
2026/2/20,68005.4
2026/2/19,66957.5
2026/2/18,66425.3
2026/2/17,67494.2
2026/2/16,68843.2
2026/2/15,68788.2
2026/2/14,69767.6
2026/2/13,68857.8
2026/2/12,66221.8
2026/2/11,66992
2026/2/10,68794
2026/2/9,70120.8
2026/2/8,70264.7
2026/2/7,69282
2026/2/6,70555.4
2026/2/5,62702.1
2026/2/4,73019.7
2026/2/3,75633.5
2026/2/2,78688.8
2026/2/1,76974.4
2026/1/31,78621.1
2026/1/30,84128.7
2026/1/29,84561.6
2026/1/28,89184.6
2026/1/27,89102.6
2026/1/26,88267.1
2026/1/25,86572.2
2026/1/24,89110.7
2026/1/23,89503.9
2026/1/22,89462.5
2026/1/21,89377
2026/1/20,88310.9
2026/1/19,92553.6
2026/1/18,93634.4
2026/1/17,95099.9
2026/1/16,95525.1
2026/1/15,95551.2
2026/1/14,96929.3
2026/1/13,95321.8
2026/1/12,91193
2026/1/11,90827.5
2026/1/10,90386.6
2026/1/9,90513.1
2026/1/8,91027.1
2026/1/7,91308.1
2026/1/6,93729
2026/1/5,93882.6
2026/1/4,91413.5
2026/1/3,90603.2
2026/1/2,89944.7
2026/1/1,88732
2025/12/31,87508.8
2025/12/30,88430.1
2025/12/29,87138.1
2025/12/28,87835.8
2025/12/27,87802.2
2025/12/26,87301.4
2025/12/25,87234.7
2025/12/24,87612
2025/12/23,87414
2025/12/22,88490
2025/12/21,88621.8
2025/12/20,88344
2025/12/19,88103.4
2025/12/18,85462.5
2025/12/17,86143.8
2025/12/16,87844
2025/12/15,86419.8
2025/12/14,88175.2
2025/12/13,90298.7
2025/12/12,90270.4
2025/12/11,92511.3
2025/12/10,92020.9
2025/12/9,92691.7
2025/12/8,90640.2
2025/12/7,90405.6
2025/12/6,89272.4
2025/12/5,89387.8
2025/12/4,92141.6
2025/12/3,93527.8
2025/12/2,91350.2
2025/12/1,86321.6
2025/11/30,90394.3
2025/11/29,90851.8
2025/11/28,90919.3
2025/11/27,91285.4
2025/11/26,90518.4
2025/11/25,87341.9
2025/11/24,88270.6
2025/11/23,86805
2025/11/22,84648.4
2025/11/21,85090.7
2025/11/20,86631.9
2025/11/19,91466
2025/11/18,92948.9
2025/11/17,92093.9
2025/11/16,94177.1
2025/11/15,95549.1
2025/11/14,94397.8
2025/11/13,99697.5
2025/11/12,101663
2025/11/11,102997
2025/11/10,105997
2025/11/9,104720
2025/11/8,102282
2025/11/7,103372
2025/11/6,101301
2025/11/5,103892
2025/11/4,101591
2025/11/3,106548
2025/11/2,110640
2025/11/1,110064
2025/10/31,109556
2025/10/30,108306
2025/10/29,110055
2025/10/28,112956
2025/10/27,114119
2025/10/26,114472
2025/10/25,111642
2025/10/24,111034
2025/10/23,110070
2025/10/22,107689
2025/10/21,108477
2025/10/20,110589
2025/10/19,108667
2025/10/18,107198
2025/10/17,106468
2025/10/16,108186
2025/10/15,110783
2025/10/14,113119
2025/10/13,115271
2025/10/12,115170
2025/10/11,110808
2025/10/10,113214
2025/10/9,121706
2025/10/8,123355
2025/10/7,121451
2025/10/6,124753
2025/10/5,123513
2025/10/4,122425
2025/10/3,122267
2025/10/2,120681
2025/10/1,118649
2025/9/30,114056
2025/9/29,114400
2025/9/28,112123
2025/9/27,109682
2025/9/26,109713
2025/9/25,109049
2025/9/24,113329
2025/9/23,112014
2025/9/22,112749
2025/9/21,115306
2025/9/20,115722
2025/9/19,115689
2025/9/18,117137
2025/9/17,116469
2025/9/16,116843
2025/9/15,115445
2025/9/14,115408
2025/9/13,115951
2025/9/12,116102
2025/9/11,115508
2025/9/10,113955
2025/9/9,111531
2025/9/8,112071
2025/9/7,111168
2025/9/6,110225
2025/9/5,110651
2025/9/4,110724
2025/9/3,111723
2025/9/2,111201
2025/9/1,109251
2025/8/31,108237
2025/8/30,108808
2025/8/29,108411
2025/8/28,112545
2025/8/27,111222
2025/8/26,111803
2025/8/25,110124
2025/8/24,113458
2025/8/23,115374
2025/8/22,116874
2025/8/21,112419
2025/8/20,114275
2025/8/19,112831
2025/8/18,116252
2025/8/17,117453
2025/8/16,117491
2025/8/15,117398
2025/8/14,118360
2025/8/13,123344
2025/8/12,120173
2025/8/11,118731
2025/8/10,119307
2025/8/9,116500
2025/8/8,116689
2025/8/7,117497
2025/8/6,115028
2025/8/5,114141
2025/8/4,115072
2025/8/3,114218
2025/8/2,112527
2025/8/1,113320
2025/7/31,115758
2025/7/30,117831
2025/7/29,117922
2025/7/28,117924
2025/7/27,119448
2025/7/26,117947
2025/7/25,117636
2025/7/24,118368
2025/7/23,118755
2025/7/22,119995
2025/7/21,117440
2025/7/20,117301
2025/7/19,117940
2025/7/18,118003
2025/7/17,119290
2025/7/16,118739
2025/7/15,117777
2025/7/14,119850
2025/7/13,119116
2025/7/12,117435
2025/7/11,117517
2025/7/10,115987
2025/7/9,111327
2025/7/8,108950
2025/7/7,108300
2025/7/6,109232
2025/7/5,108231
2025/7/4,108034
2025/7/3,109648
2025/7/2,108859
2025/7/1,105698
2025/6/30,107135
2025/6/29,108386
2025/6/28,107328
2025/6/27,107088
2025/6/26,106960
2025/6/25,107361
2025/6/24,106046
2025/6/23,105578
2025/6/22,100987
2025/6/21,102257
2025/6/20,103310
2025/6/19,104684
2025/6/18,104883
2025/6/17,104601
2025/6/16,106797
2025/6/15,105552
2025/6/14,105472
2025/6/13,106091
2025/6/12,105929
2025/6/11,108687
2025/6/10,110257
2025/6/9,110294
2025/6/8,105794
2025/6/7,105616
2025/6/6,104390
2025/6/5,101576
2025/6/4,104732
2025/6/3,105432
2025/6/2,105882
2025/6/1,105652
2025/5/31,104638
2025/5/30,103999
2025/5/29,105642
2025/5/28,107802
2025/5/27,108995
2025/5/26,109440
2025/5/25,109035
2025/5/24,107791
2025/5/23,107288
2025/5/22,111673
2025/5/21,109678
2025/5/20,106791
2025/5/19,105606
2025/5/18,106446
2025/5/17,103191
2025/5/16,103489
2025/5/15,103745
2025/5/14,103539
2025/5/13,104170
2025/5/12,102813
2025/5/11,104106
2025/5/10,104696
2025/5/9,102971
2025/5/8,103241
2025/5/7,97032.3
2025/5/6,96802.5
2025/5/5,94748.1
2025/5/4,94316
2025/5/3,95891.8
2025/5/2,96910.1
2025/5/1,96492.3
2025/4/30,94207.3
2025/4/29,94284.8
2025/4/28,94978.8
2025/4/27,93754.8
2025/4/26,94646.9
2025/4/25,94720.5
2025/4/24,93943.8
2025/4/23,93699.1
2025/4/22,93441.9
2025/4/21,87518.9
2025/4/20,85174.3
2025/4/19,85063.4
2025/4/18,84450.8
2025/4/17,84895.8
2025/4/16,84033.9
2025/4/15,83669
2025/4/14,84542.4
2025/4/13,83685
2025/4/12,85287.1
2025/4/11,83404.8
2025/4/10,79626.1
2025/4/9,82574
2025/4/8,76272
2025/4/7,79235.3
2025/4/6,78214.5
2025/4/5,83504.8
2025/4/4,83843.8
2025/4/3,83102.8
2025/4/2,82485.7
2025/4/1,85169.2
2025/3/31,82548.9
2025/3/30,82334.5
2025/3/29,82597.6
2025/3/28,84353.1
2025/3/27,87177.1
2025/3/26,86900.9
2025/3/25,87471.7
2025/3/24,87498.9
2025/3/23,86054.4
2025/3/22,83832.5
2025/3/21,84043.2
2025/3/20,84167.2
2025/3/19,86854.2
2025/3/18,82718.5
2025/3/17,84075.7
2025/3/16,82579.7
2025/3/15,84343.1
2025/3/14,83969.1
2025/3/13,81066.7
2025/3/12,83722.4
2025/3/11,82862.2
2025/3/10,78532
2025/3/9,80601
2025/3/8,86154.6
2025/3/7,86742.7
2025/3/6,89961.7
2025/3/5,90623.6
2025/3/4,87222.2
2025/3/3,86065.7
2025/3/2,94248.4
2025/3/1,86031.9
2025/2/28,84373
2025/2/27,84704.2
2025/2/26,84347
2025/2/25,88736.2
2025/2/24,91418.2
2025/2/23,96273.9
2025/2/22,96577.8
2025/2/21,96125.5
2025/2/20,98333.9
2025/2/19,96635.6
2025/2/18,95539.5
2025/2/17,95773.4
2025/2/16,96175
2025/2/15,97580.4
2025/2/14,97509
2025/2/13,96623.9
2025/2/12,97885.9
2025/2/11,95747.4
2025/2/10,97437.6
2025/2/9,96500.1
2025/2/8,96482.5
2025/2/7,96529.1
2025/2/6,96593.3
2025/2/5,96615.4
2025/2/4,97871.8
2025/2/3,101405
2025/2/2,97689
2025/2/1,100656
2025/1/31,102405
2025/1/30,104735
2025/1/29,103703
2025/1/28,101332
2025/1/27,102088
2025/1/26,102682
2025/1/25,104715
2025/1/24,104819
2025/1/23,103960
2025/1/22,103653
2025/1/21,106146
2025/1/20,102017
2025/1/19,101090
2025/1/18,104408
2025/1/17,104462
2025/1/16,99756.9
2025/1/15,100504
2025/1/14,96534
2025/1/13,94516.5
2025/1/12,94488.4
2025/1/11,94566.6
2025/1/10,94701.5
2025/1/9,92484
2025/1/8,95043.5
2025/1/7,96922.7
2025/1/6,102078
2025/1/5,98315
2025/1/4,98236.2
2025/1/3,98107.4
2025/1/2,96886.9
2025/1/1,94419.8
2024/12/31,93429.2
2024/12/30,92643.2
2024/12/29,93530.2
2024/12/28,95163.9
2024/12/27,94164.9
2024/12/26,95795.5
2024/12/25,99299.2
2024/12/24,98676.1
2024/12/23,94686.2
2024/12/22,95104.9
2024/12/21,97224.7
2024/12/20,97755.9
2024/12/19,97491
2024/12/18,100042
2024/12/17,106141
2024/12/16,106030
2024/12/15,104299
2024/12/14,101373
2024/12/13,101459
2024/12/12,100043
2024/12/11,101173
2024/12/10,96675.4
2024/12/9,97432.7
2024/12/8,101236
2024/12/7,99923.3
2024/12/6,99920.7
2024/12/5,96593.6
2024/12/4,98768.5
2024/12/3,96002.2
2024/12/2,95865.3
2024/12/1,97279.8
2024/11/30,96449.1
2024/11/29,97461.5
2024/11/28,95652.5
2024/11/27,95962.5
2024/11/26,91985.3
2024/11/25,93102.3
2024/11/24,98013.8
2024/11/23,97777.3
2024/11/22,98997.7
2024/11/21,98504.7
2024/11/20,94339.5
2024/11/19,92343.8
2024/11/18,90542.6
2024/11/17,89845.9
2024/11/16,90558.5
2024/11/15,91066
2024/11/14,87250.4
2024/11/13,90584.2
2024/11/12,87955.8
2024/11/11,88701.5
2024/11/10,80474.2
2024/11/9,76778.9
2024/11/8,76545.5
2024/11/7,75904.9
2024/11/6,75639.1
2024/11/5,69359.6
2024/11/4,67811.5
2024/11/3,68741.1
2024/11/2,69289.3
2024/11/1,69482.5
2024/10/31,70215.2
2024/10/30,72339.5
2024/10/29,72720.5
2024/10/28,69907.8
2024/10/27,67929.3
2024/10/26,67014.7
2024/10/25,66642.4
2024/10/24,68161.1
2024/10/23,66432.2
2024/10/22,67361.4
2024/10/21,67367.9
2024/10/20,69001.7
2024/10/19,68362.7
2024/10/18,68418.8
2024/10/17,67399.8
2024/10/16,67612.7
2024/10/15,67041.1
2024/10/14,66046.1
2024/10/13,62851.4
2024/10/12,63193
2024/10/11,62445.1
2024/10/10,60274.5
2024/10/9,60582.1
2024/10/8,62132
2024/10/7,62236.7
2024/10/6,62819
2024/10/5,62089.9
2024/10/4,62067.5
2024/10/3,60759.4
2024/10/2,60632.8
2024/10/1,60837
2024/9/30,63329.5
2024/9/29,65635.3
2024/9/28,65887.6
2024/9/27,65790.7
2024/9/26,65181
2024/9/25,63143.1
2024/9/24,64302
2024/9/23,63329.8
2024/9/22,63648.7
2024/9/21,63394.8
2024/9/20,63193
2024/9/19,62940.5
2024/9/18,61649.7
2024/9/17,60308.5
2024/9/16,58192.5
2024/9/15,59182.8
2024/9/14,60005.1
2024/9/13,60571.3
2024/9/12,58127
2024/9/11,57343.2
2024/9/10,57648.7
2024/9/9,57019.5
2024/9/8,54841.6
2024/9/7,54139.7
2024/9/6,53948.8
2024/9/5,56160.5
2024/9/4,57971.5
2024/9/3,57431
2024/9/2,59112.5
2024/9/1,57325.5
2024/8/31,58969.9
2024/8/30,59119.5
2024/8/29,59388.2
2024/8/28,59027.6
2024/8/27,59504.1
2024/8/26,62880.7
2024/8/25,64333.5
2024/8/24,64179
2024/8/23,64094.4
2024/8/22,60381.9
2024/8/21,61175.2
2024/8/20,59012.8
2024/8/19,59493.5
2024/8/18,58484
2024/8/17,59479
2024/8/16,58894.1
2024/8/15,57560.1
2024/8/14,58737.3
2024/8/13,60609.6
2024/8/12,59354.5
2024/8/11,58719.5
2024/8/10,60945.8
2024/8/9,60880.1
2024/8/8,61710.1
2024/8/7,55027.5
2024/8/6,56034.3
2024/8/5,53991.5
2024/8/4,58117
2024/8/3,60680.1
2024/8/2,61415.1
2024/8/1,65357.5
2024/7/31,64619.2
2024/7/30,66201
2024/7/29,66819.9
2024/7/28,68255.9
2024/7/27,67813.3
2024/7/26,67912.1
2024/7/25,65777.2
2024/7/24,65372.1
2024/7/23,65927.7
2024/7/22,67585.2
2024/7/21,68154.5
2024/7/20,67163.6
2024/7/19,66710.2
2024/7/18,63974.1
2024/7/17,64118.8
2024/7/16,65097.1
2024/7/15,64870.2
2024/7/14,60787.8
2024/7/13,59232
2024/7/12,57899.5
2024/7/11,57344.9
2024/7/10,57742.5
2024/7/9,58009.2
2024/7/8,56705.1
2024/7/7,55849.1
2024/7/6,58303.5
2024/7/5,56662.4
2024/7/4,56977.7
2024/7/3,60173.9
2024/7/2,62029
2024/7/1,62852
2024/6/30,62678.3
2024/6/29,60887.4
2024/6/28,60320.1
2024/6/27,61604.8
2024/6/26,60811.3
2024/6/25,61804.6
2024/6/24,60277.4
2024/6/23,63180.8
2024/6/22,64252.6
2024/6/21,64096.2
2024/6/20,64828.7
2024/6/19,64960.3
2024/6/18,65140.7
2024/6/17,66490.3
2024/6/16,66639
2024/6/15,66191
2024/6/14,66011.1
2024/6/13,66756.4
2024/6/12,68241.2
2024/6/11,67332
2024/6/10,69512.3
2024/6/9,69648
2024/6/8,69305.8
2024/6/7,69342.6
2024/6/6,70757.2
2024/6/5,71082.8
2024/6/4,70567.8
2024/6/3,68804.8
2024/6/2,67751.6
2024/6/1,67706.9
2024/5/31,67491.4
2024/5/30,68365
2024/5/29,67578.1
2024/5/28,68296.2
2024/5/27,69394.6
2024/5/26,68518.1
2024/5/25,69265.9
2024/5/24,68526.1
2024/5/23,67929.6
2024/5/22,69122.3
2024/5/21,70136.5
2024/5/20,71448.2
2024/5/19,66278.4
2024/5/18,66940.8
2024/5/17,67051.9
2024/5/16,65231.6
2024/5/15,66267.5
2024/5/14,61552.8
2024/5/13,62901.4
2024/5/12,61448.4
2024/5/11,60793.7
2024/5/10,60792.8
2024/5/9,63050
2024/5/8,61187.9
2024/5/7,62334.8
2024/5/6,63161.9
2024/5/5,64031.1
2024/5/4,63891.5
2024/5/3,62889.8
2024/5/2,59123.4
2024/5/1,58254
2024/4/30,60636.9
2024/4/29,63841.1
2024/4/28,63113.2
2024/4/27,63419.1
2024/4/26,63755.3
2024/4/25,64481.7
2024/4/24,64276.9
2024/4/23,66407.3
2024/4/22,66837.7
2024/4/21,64926.6
2024/4/20,64994.4
2024/4/19,63843.6
2024/4/18,63512.8
2024/4/17,61276.7
2024/4/16,63811.9
2024/4/15,63426.2
2024/4/14,65738.7
2024/4/13,63821.5
2024/4/12,67195.9
2024/4/11,70060.6
2024/4/10,70587.9
2024/4/9,69139
2024/4/8,71631.4
2024/4/7,69362.6
2024/4/6,68896.1
2024/4/5,67837.6
2024/4/4,68508.8
2024/4/3,65980.8
2024/4/2,65447
2024/4/1,69702.1
2024/3/31,71333.6
2024/3/30,69645.3
2024/3/29,69892.8
2024/3/28,70745
2024/3/27,69455.3
2024/3/26,69987.8
2024/3/25,69958.8
2024/3/24,67234.2
2024/3/23,64062.2
2024/3/22,63778.8
2024/3/21,65491.4
2024/3/20,67913.7
2024/3/19,61912.8
2024/3/18,67548.6
2024/3/17,68390.6
2024/3/16,65315.1
2024/3/15,69403.8
2024/3/14,71396.6
2024/3/13,73083.5
2024/3/12,71481.3
2024/3/11,72123.9
2024/3/10,69019.8
2024/3/9,68498.9
2024/3/8,68300.1
2024/3/7,66925.5
2024/3/6,66106.8
2024/3/5,63801.2
2024/3/4,68330.4
2024/3/3,63167.4
2024/3/2,62029.8
2024/3/1,62440.6
2024/2/29,61198.4
2024/2/28,62504.8
2024/2/27,57085.4
2024/2/26,54522.4
2024/2/25,51733.2
2024/2/24,51571.1
2024/2/23,50731.9
2024/2/22,51305
2024/2/21,51839.2
2024/2/20,52284.9
2024/2/19,51779.1
2024/2/18,52122.5
2024/2/17,51663
2024/2/16,52160.2
2024/2/15,51938.6
2024/2/14,51826.7
2024/2/13,49742.4
2024/2/12,49958.2
2024/2/11,48293.9
2024/2/10,47771.3
2024/2/9,47147.2
2024/2/8,45301.6
2024/2/7,44318.2
2024/2/6,43084.7
2024/2/5,42658.7
2024/2/4,42583.6
2024/2/3,42992.2
2024/2/2,43185.9
2024/2/1,43075.8
2024/1/31,42582.6
2024/1/30,42952.6
2024/1/29,43288.2
2024/1/28,42035.6
2024/1/27,42120.1
2024/1/26,41816.9
2024/1/25,39933.8
2024/1/24,40077.1
2024/1/23,39845.6
2024/1/22,39507.4
2024/1/21,41545.8
2024/1/20,41665.6
2024/1/19,41618.4
2024/1/18,41262.1
2024/1/17,42742.7
2024/1/16,43154.9
2024/1/15,42512
2024/1/14,41796.3
2024/1/13,42842.4
2024/1/12,42853.2
2024/1/11,46368.6
2024/1/10,46627.8
2024/1/9,46139.7
2024/1/8,46970.5
2024/1/7,43943.1
2024/1/6,43989.2
2024/1/5,44162.7
2024/1/4,44179.9
2024/1/3,42848.2
2024/1/2,44958
2024/1/1,44167.3
2023/12/31,42265.2
2023/12/30,42156.9
2023/12/29,42099.4
2023/12/28,42627.9
2023/12/27,43442.9
2023/12/26,42520.4
2023/12/25,43613.1
2023/12/24,43016.1
2023/12/23,43739.5
2023/12/22,43997.9
2023/12/21,43869.2
2023/12/20,43652.2
2023/12/19,42270.5
2023/12/18,42623.5
2023/12/17,41364.7
2023/12/16,42240.1
2023/12/15,41929.8
2023/12/14,43024
2023/12/13,42890.7
2023/12/12,41450.2
2023/12/11,41243.8
2023/12/10,43779.7
2023/12/9,43726
2023/12/8,44166.6
2023/12/7,43292.7
2023/12/6,43746.4
2023/12/5,44080.6
2023/12/4,41980.1
2023/12/3,39978.4
2023/12/2,39476.3
2023/12/1,38688.8
2023/11/30,37712.7
2023/11/29,37858.5
2023/11/28,37831.1
2023/11/27,37254.2
2023/11/26,37479.1
2023/11/25,37796.8
2023/11/24,37720.3
2023/11/23,37289.6
2023/11/22,37432.3
2023/11/21,35813.8
2023/11/20,37477
2023/11/19,37386.5
2023/11/18,36585.7
2023/11/17,36596.7
2023/11/16,36154.8
2023/11/15,37880.6
2023/11/14,35537.6
2023/11/13,36502.4
2023/11/12,37054.5
2023/11/11,37138.1
2023/11/10,37314
2023/11/9,36693.1
2023/11/8,35655.3
2023/11/7,35443.6
2023/11/6,35037.4
2023/11/5,35049.4
2023/11/4,35082.2
2023/11/3,34732.3
2023/11/2,34938.2
2023/11/1,35437.3
2023/10/31,34667.8
2023/10/30,34502.4
2023/10/29,34538.5
2023/10/28,34089.6
2023/10/27,33909.8
2023/10/26,34156.6
2023/10/25,34502.8
2023/10/24,33901.5
2023/10/23,33086.2
2023/10/22,29993.9
2023/10/21,29918.4
2023/10/20,29682.9
2023/10/19,28719.8
2023/10/18,28328.3
2023/10/17,28415.7
2023/10/16,28519.5
2023/10/15,27159.7
2023/10/14,26861.7
2023/10/13,26862.4
2023/10/12,26756.8
2023/10/11,26873.3
2023/10/10,27391
2023/10/9,27583.7
2023/10/8,27935.1
2023/10/7,27968.8
2023/10/6,27946.6
2023/10/5,27415.9
2023/10/4,27799.4
2023/10/3,27430
2023/10/2,27530.8
2023/10/1,27983.8
2023/9/30,26967.9
2023/9/29,26911.7
2023/9/28,27021.5
2023/9/27,26352.7
2023/9/26,26217.2
2023/9/25,26298.5
2023/9/24,26256.8
2023/9/23,26579.4
2023/9/22,26579.6
2023/9/21,26567.6
2023/9/20,27132
2023/9/19,27211.1
2023/9/18,26754.3
2023/9/17,26534.2
2023/9/16,26568.3
2023/9/15,26608.7
2023/9/14,26539.7
2023/9/13,26228.3
2023/9/12,25833.3
2023/9/11,25162.7
2023/9/10,25832.2
2023/9/9,25895.7
2023/9/8,25905.7
2023/9/7,26240.2
2023/9/6,25753.2
2023/9/5,25780
2023/9/4,25812.4
2023/9/3,25969.6
2023/9/2,25868.8
2023/9/1,25800.7
2023/8/31,25931.5
2023/8/30,27297.3
2023/8/29,27727.4
2023/8/28,26106.2
2023/8/27,26089.7
2023/8/26,26008.5
2023/8/25,26047.7
2023/8/24,26162.4
2023/8/23,26431.6
2023/8/22,26031.7
2023/8/21,26124.1
2023/8/20,26189.6
2023/8/19,26096.2
2023/8/18,26049.6
2023/8/17,26664.6
2023/8/16,28701.8
2023/8/15,29170.3
2023/8/14,29408.4
2023/8/13,29282.9
2023/8/12,29416
2023/8/11,29397.7
2023/8/10,29429.6
2023/8/9,29561.5
2023/8/8,29765.5
2023/8/7,29180.6
2023/8/6,29041.9
2023/8/5,29042.1
2023/8/4,29074.1
2023/8/3,29178.7
2023/8/2,29152
2023/8/1,29675.7
2023/7/31,29230.1
2023/7/30,29275.3
2023/7/29,29356.9
2023/7/28,29319.2
2023/7/27,29210.7
2023/7/26,29355
2023/7/25,29227.4
2023/7/24,29176.9
2023/7/23,30084.5
2023/7/22,29771.8
2023/7/21,29908.7
2023/7/20,29792
2023/7/19,29913.9
2023/7/18,29856.6
2023/7/17,30145.9
2023/7/16,30249.1
2023/7/15,30295.8
2023/7/14,30334.1
2023/7/13,31476
2023/7/12,30391.6
2023/7/11,30621
2023/7/10,30414.5
2023/7/9,30171.2
2023/7/8,30292.5
2023/7/7,30342.3
2023/7/6,29909.3
2023/7/5,30514.2
2023/7/4,30777.6
2023/7/3,31156.4
2023/7/2,30620.8
2023/7/1,30590.1
2023/6/30,30477.3
2023/6/29,30445.4
2023/6/28,30086.2
2023/6/27,30688.2
2023/6/26,30271.1
2023/6/25,30480.3
2023/6/24,30548.7
2023/6/23,30695.5
2023/6/22,29912.3
2023/6/21,30027.3
2023/6/20,28327.5
2023/6/19,26851
2023/6/18,26336.2
2023/6/17,26510.7
2023/6/16,26327.5
2023/6/15,25576.4
2023/6/14,25124.7
2023/6/13,25918.7
2023/6/12,25902.5
2023/6/11,25940.2
2023/6/10,25851.2
2023/6/9,26480.4
2023/6/8,26508.2
2023/6/7,26346
2023/6/6,27238.8
2023/6/5,25760.1
2023/6/4,27119.1
2023/6/3,27075.1
2023/6/2,27249.6
2023/6/1,26820
2023/5/31,27219.7
2023/5/30,27702.3
2023/5/29,27745.9
2023/5/28,28085.6
2023/5/27,26868.4
2023/5/26,26719.3
2023/5/25,26476.2
2023/5/24,26334.8
2023/5/23,27225.7
2023/5/22,26851.3
2023/5/21,26753.8
2023/5/20,27129.6
2023/5/19,26890.1
2023/5/18,26832.2
2023/5/17,27398.8
2023/5/16,27036.7
2023/5/15,27192.7
2023/5/14,26930.6
2023/5/13,26784.1
2023/5/12,26805
2023/5/11,27000.8
2023/5/10,27621.8
2023/5/9,27658.8
2023/5/8,27694.3
2023/5/7,28455
2023/5/6,28904.6
2023/5/5,29534.4
2023/5/4,28847.7
2023/5/3,29006.3
2023/5/2,28680.5
2023/5/1,28091.6
2023/4/30,29268.8
2023/4/29,29248.5
2023/4/28,29340.3
2023/4/27,29473.8
2023/4/26,28422.7
2023/4/25,28307.6
2023/4/24,27525.3
2023/4/23,27591.4
2023/4/22,27817.5
2023/4/21,27276.9
2023/4/20,28246
2023/4/19,28822.7
2023/4/18,30397.6
2023/4/17,29445
2023/4/16,30315.4
2023/4/15,30318.5
2023/4/14,30485.7
2023/4/13,30399.1
2023/4/12,30139.1
2023/4/11,30235.1
2023/4/10,29653
2023/4/9,28333.1
2023/4/8,27947.8
2023/4/7,27925.9
2023/4/6,28044.1
2023/4/5,28178
2023/4/4,28168.1
2023/4/3,27790.2
2023/4/2,28199.3
2023/4/1,28411
2023/3/31,28478.5
2023/3/30,28033.6
2023/3/29,28348.4
2023/3/28,27268.1
2023/3/27,27139.9
2023/3/26,27994.3
2023/3/25,27494.7
2023/3/24,27493.3
2023/3/23,28334
2023/3/22,27307.4
2023/3/21,28175.8
2023/3/20,27767.2
2023/3/19,28038.7
2023/3/18,26965.9
2023/3/17,27423.9
2023/3/16,25052.8
2023/3/15,24376
2023/3/14,24746.1
2023/3/13,24197.5
2023/3/12,22163.9
2023/3/11,20632.4
2023/3/10,20187.2
2023/3/9,20363
2023/3/8,21718.1
2023/3/7,22219.8
2023/3/6,22429.8
2023/3/5,22435.5
2023/3/4,22353.3
2023/3/3,22362.7
2023/3/2,23475.5
2023/3/1,23646.6
2023/2/28,23147.4
2023/2/27,23522.9
2023/2/26,23561.2
2023/2/25,23175.4
2023/2/24,23198.1
2023/2/23,23947.5
2023/2/22,24188.8
2023/2/21,24436.4
2023/2/20,24829.1
2023/2/19,24327.6
2023/2/18,24641.3
2023/2/17,24565.6
2023/2/16,23623.5
2023/2/15,24307.8
2023/2/14,22220.8
2023/2/13,21808.1
2023/2/12,21788.2
2023/2/11,21870.9
2023/2/10,21651.2
2023/2/9,21819
2023/2/8,22939.4
2023/2/7,23264.3
2023/2/6,22760.1
2023/2/5,22955.7
2023/2/4,23331.8
2023/2/3,23449.3
2023/2/2,23471.9
2023/2/1,23723.8
2023/1/31,23139.3
2023/1/30,22840.1
2023/1/29,23774.6
2023/1/28,23031.1
2023/1/27,23078.7
2023/1/26,23032.8
2023/1/25,23117.9
2023/1/24,22636.5
2023/1/23,22934.4
2023/1/22,22720.4
2023/1/21,22777.6
2023/1/20,22676.6
2023/1/19,21086.8
2023/1/18,20688.8
2023/1/17,21161.5
2023/1/16,21169.6
2023/1/15,20880.8
2023/1/14,20976.3
2023/1/13,19909.6
2023/1/12,18869.6
2023/1/11,17934.9
2023/1/10,17446.3
2023/1/9,17196.6
2023/1/8,17091.1
2023/1/7,16955.1
2023/1/6,16952
2023/1/5,16836.7
2023/1/4,16863.2
2023/1/3,16679.9
2023/1/2,16688.5
2023/1/1,16625.1
2022/12/31,16547.5
2022/12/30,16602.6
2022/12/29,16642.3
2022/12/28,16552.6
2022/12/27,16717.2
2022/12/26,16919.8
2022/12/25,16842
2022/12/24,16847.8
2022/12/23,16797
2022/12/22,16830.3
2022/12/21,16817.5
2022/12/20,16906.3
2022/12/19,16439.7
2022/12/18,16758
2022/12/17,16795.1
2022/12/16,16647.5
2022/12/15,17364.9
2022/12/14,17815.7
2022/12/13,17781.3
2022/12/12,17206.4
2022/12/11,17104.2
2022/12/10,17128.7
2022/12/9,17133.2
2022/12/8,17233.5
2022/12/7,16848.1
2022/12/6,17089.5
2022/12/5,16974.8
2022/12/4,17130.5
2022/12/3,16908.2
2022/12/2,17088.7
2022/12/1,16967.1
2022/11/30,17168.6
2022/11/29,16445
2022/11/28,16217.3
2022/11/27,16444.6
2022/11/26,16464.3
2022/11/25,16521.8
2022/11/24,16604.5
2022/11/23,16610.7
2022/11/22,16189.8
2022/11/21,15787.3
2022/11/20,16291.8
2022/11/19,16711.5
2022/11/18,16697.8
2022/11/17,16687.5
2022/11/16,16669.4
2022/11/15,16884.6
2022/11/14,16618.2
2022/11/13,16353.4
2022/11/12,16799.2
2022/11/11,17034.3
2022/11/10,17586.8
2022/11/9,15880.8
2022/11/8,18541.3
2022/11/7,20602.8
2022/11/6,20926.5
2022/11/5,21282.7
2022/11/4,21147.2
2022/11/3,20210
2022/11/2,20159.5
2022/11/1,20485.3
2022/10/31,20495.8
2022/10/30,20635.6
2022/10/29,20818.5
2022/10/28,20595.4
2022/10/27,20285.8
2022/10/26,20770.4
2022/10/25,20095.9
2022/10/24,19345.6
2022/10/23,19567
2022/10/22,19208.2
2022/10/21,19172.5
2022/10/20,19053.7
2022/10/19,19139.5
2022/10/18,19334.4
2022/10/17,19550.8
2022/10/16,19268.1
2022/10/15,19067.6
2022/10/14,19185.7
2022/10/13,19382.9
2022/10/12,19157.4
2022/10/11,19051.4
2022/10/10,19141.5
2022/10/9,19446.4
2022/10/8,19416.6
2022/10/7,19546.8
2022/10/6,19955.4
2022/10/5,20160.7
2022/10/4,20336.8
2022/10/3,19623.6
2022/10/2,19044.1
2022/10/1,19312.1
2022/9/30,19431.8
2022/9/29,19573.1
2022/9/28,19426.7
2022/9/27,19110.5
2022/9/26,19222.7
2022/9/25,18802.1
2022/9/24,18937
2022/9/23,19297.6
2022/9/22,19413.6
2022/9/21,18547.4
2022/9/20,18890.8
2022/9/19,19544.1
2022/9/18,19419.5
2022/9/17,20127.6
2022/9/16,19772.6
2022/9/15,19701.2
2022/9/14,20241.1
2022/9/13,20296.7
2022/9/12,22370.4
2022/9/11,21769.3
2022/9/10,21680.5
2022/9/9,21381.2
2022/9/8,19329.8
2022/9/7,19290.3
2022/9/6,18837.7
2022/9/5,19812.4
2022/9/4,19986.7
2022/9/3,19832.1
2022/9/2,19969.8
2022/9/1,20127.1
2022/8/31,20049.8
2022/8/30,19796.8
2022/8/29,20298
2022/8/28,19616.8
2022/8/27,20041.7
2022/8/26,20260
2022/8/25,21600.9
2022/8/24,21395
2022/8/23,21528.1
2022/8/22,21398.9
2022/8/21,21534.1
2022/8/20,21166.1
2022/8/19,20877.6
2022/8/18,23212.7
2022/8/17,23336
2022/8/16,23883.3
2022/8/15,24137
2022/8/14,24319.3
2022/8/13,24424.1
2022/8/12,24402.8
2022/8/11,23957.5
2022/8/10,23947.6
2022/8/9,23164.3
2022/8/8,23809.5
2022/8/7,23175.9
2022/8/6,22961.3
2022/8/5,23289.3
2022/8/4,22631
2022/8/3,22846.5
2022/8/2,22978.1
2022/8/1,23314.2
2022/7/31,23336.9
2022/7/30,23656.2
2022/7/29,23804.6
2022/7/28,23843.9
2022/7/27,22930.5
2022/7/26,21239.8
2022/7/25,21361.7
2022/7/24,22609.2
2022/7/23,22465.5
2022/7/22,22715
2022/7/21,23164.6
2022/7/20,23231.7
2022/7/19,23389.4
2022/7/18,22485.7
2022/7/17,20779.3
2022/7/16,21190.3
2022/7/15,20836.3
2022/7/14,20569.9
2022/7/13,20212.1
2022/7/12,19323.9
2022/7/11,19970.6
2022/7/10,20860.4
2022/7/9,21592.2
2022/7/8,21731.1
2022/7/7,21637.6
2022/7/6,20548.2
2022/7/5,20190.1
2022/7/4,20231.3
2022/7/3,19297.1
2022/7/2,19242.3
2022/7/1,19269.4
2022/6/30,19784.7
2022/6/29,20104
2022/6/28,20280.6
2022/6/27,20735.5
2022/6/26,21027.3
2022/6/25,21502.3
2022/6/24,21231.7
2022/6/23,21085.9
2022/6/22,19987
2022/6/21,20710.6
2022/6/20,20599.5
2022/6/19,20553.3
2022/6/18,19017.6
2022/6/17,20471.5
2022/6/16,20381.7
2022/6/15,22572.8
2022/6/14,22206.8
2022/6/13,22487.4
2022/6/12,26762.6
2022/6/11,28360.8
2022/6/10,29083.8
2022/6/9,30112
2022/6/8,30214.4
2022/6/7,31155.5
2022/6/6,31370.7
2022/6/5,29906.7
2022/6/4,29832.9
2022/6/3,29704.4
2022/6/2,30467.5
2022/6/1,29799.1
2022/5/31,31792.3
2022/5/30,31726.4
2022/5/29,29446
2022/5/28,28814.9
2022/5/27,28627.6
2022/5/26,29267.2
2022/5/25,29562.4
2022/5/24,29655.6
2022/5/23,29098.9
2022/5/22,30323.7
2022/5/21,29432.2
2022/5/20,29200.7
2022/5/19,30314.3
2022/5/18,28720.3
2022/5/17,30425.9
2022/5/16,29862.9
2022/5/15,31305.1
2022/5/14,30101.3
2022/5/13,29283.1
2022/5/12,29047.8
2022/5/11,28936.4
2022/5/10,31022.9
2022/5/9,30297
2022/5/8,34059.3
2022/5/7,35502
2022/5/6,36040.9
2022/5/5,36575.1
2022/5/4,39698.4
2022/5/3,37750.5
2022/5/2,38529.3
2022/5/1,38469.1
2022/4/30,37714.9
2022/4/29,38609.8
2022/4/28,39773.8
2022/4/27,39241.1
2022/4/26,38117.5
2022/4/25,40458.3
2022/4/24,39469.3
2022/4/23,39486.7
2022/4/22,39740.3
2022/4/21,40527.4
2022/4/20,41374.4
2022/4/19,41502.8
2022/4/18,40826.2
2022/4/17,39717
2022/4/16,40424.5
2022/4/15,40553.5
2022/4/14,39935.5
2022/4/13,41166.7
2022/4/12,40127.2
2022/4/11,39521.9
2022/4/10,42207.7
2022/4/9,42782.1
2022/4/8,42287.7
2022/4/7,43503.8
2022/4/6,43206.7
2022/4/5,45556
2022/4/4,46622.7
2022/4/3,46453.6
2022/4/2,45868.9
2022/4/1,46281.6
2022/3/31,45538.7
2022/3/30,47062.7
2022/3/29,47465.7
2022/3/28,47128
2022/3/27,46820.5
2022/3/26,44500.8
2022/3/25,44348.7
2022/3/24,43960.9
2022/3/23,42893
2022/3/22,42358.8
2022/3/21,41078
2022/3/20,41247.8
2022/3/19,42190.7
2022/3/18,41801.2
2022/3/17,40951.4
2022/3/16,41143.9
2022/3/15,39338.8
2022/3/14,39666.8
2022/3/13,37849.7
2022/3/12,38904
2022/3/11,38795
2022/3/10,39437.5
2022/3/9,41982.9
2022/3/8,38737.3
2022/3/7,38062
2022/3/6,38420
2022/3/5,39400.6
2022/3/4,39137.6
2022/3/3,42451.8
2022/3/2,43924.1
2022/3/1,44354.6
2022/2/28,43193.2
2022/2/27,37709.8
2022/2/26,39105.1
2022/2/25,39214.2
2022/2/24,38332.6
2022/2/23,37296.6
2022/2/22,38286
2022/2/21,37075.3
2022/2/20,38431.4
2022/2/19,40122.2
2022/2/18,40031
2022/2/17,40538
2022/2/16,43961.9
2022/2/15,44575.2
2022/2/14,42586.9
2022/2/13,42197.5
2022/2/12,42244.5
2022/2/11,42407.9
2022/2/10,43565.1
2022/2/9,44338.8
2022/2/8,44118.4
2022/2/7,43840.3
2022/2/6,42412.4
2022/2/5,41441.2
2022/2/4,41500.9
2022/2/3,37154.6
2022/2/2,36953
2022/2/1,38743.3
2022/1/31,38483.1
2022/1/30,37917.6
2022/1/29,38138.2
2022/1/28,37784.3
2022/1/27,37138.2
2022/1/26,36852.1
2022/1/25,36954
2022/1/24,36654.3
2022/1/23,36276.8
2022/1/22,35030.2
2022/1/21,36457.3
2022/1/20,40680.4
2022/1/19,41744.3
2022/1/18,42375.6
2022/1/17,42250.6
2022/1/16,43113.9
2022/1/15,43177.4
2022/1/14,43099.7
2022/1/13,42591.6
2022/1/12,43949.1
2022/1/11,42735.9
2022/1/10,41821.3
2022/1/9,41911.6
2022/1/8,41733.9
2022/1/7,41557.9
2022/1/6,43160.9
2022/1/5,43569
2022/1/4,45897.6
2022/1/3,46458.1
2022/1/2,47345.2
2022/1/1,47686.8
2021/12/31,46306.4
2021/12/30,47178.1
2021/12/29,46444.7
2021/12/28,47588.9
2021/12/27,50640.4
2021/12/26,50809.5
2021/12/25,50429.9
2021/12/24,50822.2
2021/12/23,50784.5
2021/12/22,48628.5
2021/12/21,48936.6
2021/12/20,46880.3
2021/12/19,46707
2021/12/18,46848.8
2021/12/17,46202.1
2021/12/16,47665.4
2021/12/15,48896.7
2021/12/14,46612.6
2021/12/13,46737.5
2021/12/12,50098.3
2021/12/11,49362.5
2021/12/10,47243.3
2021/12/9,47672.1
2021/12/8,50504.8
2021/12/7,50700.1
2021/12/6,50582.6
2021/12/5,49368.8
2021/12/4,49200.7
2021/12/3,53598.2
2021/12/2,56477.8
2021/12/1,57229.8
2021/11/30,57005.4
2021/11/29,57806.6
2021/11/28,57248.5
2021/11/27,54815.1
2021/11/26,53569.8
2021/11/25,57274.7
2021/11/24,56280.4
2021/11/23,57569.1
2021/11/22,56289.3
2021/11/21,58730.5
2021/11/20,59697.2
2021/11/19,58119.6
2021/11/18,56942.1
2021/11/17,60368
2021/11/16,60161.2
2021/11/15,63557.9
2021/11/14,65466.8
2021/11/13,64469.5
2021/11/12,64155.9
2021/11/11,64950
2021/11/10,64995.2
2021/11/9,66971.8
2021/11/8,67566.8
2021/11/7,63327
2021/11/6,61527.5
2021/11/5,61125.7
2021/11/4,61452.2
2021/11/3,62970
2021/11/2,63226.4
2021/11/1,61004.4
2021/10/31,61319
2021/10/30,61888.8
2021/10/29,62228
2021/10/28,60622.1
2021/10/27,58482.4
2021/10/26,60363.8
2021/10/25,63039.8
2021/10/24,60930.8
2021/10/23,61393.6
2021/10/22,60692.3
2021/10/21,62210.2
2021/10/20,65992.8
2021/10/19,64262
2021/10/18,62026.1
2021/10/17,61553.6
2021/10/16,60892.2
2021/10/15,61593.9
2021/10/14,57321.5
2021/10/13,57401.1
2021/10/12,56041.1
2021/10/11,57484.8
2021/10/10,54771.6
2021/10/9,54968.2
2021/10/8,53967.8
2021/10/7,53806
2021/10/6,55361.4
2021/10/5,51514.8
2021/10/4,49112.9
2021/10/3,48200
2021/10/2,47711.5
2021/10/1,48116.9
2021/9/30,43790.9
2021/9/29,41564.4
2021/9/28,41034.5
2021/9/27,42235.7
2021/9/26,43208.5
2021/9/25,42716.6
2021/9/24,42839.8
2021/9/23,44895.1
2021/9/22,43574.5
2021/9/21,40693.7
2021/9/20,42843.8
2021/9/19,47260.2
2021/9/18,48278.4
2021/9/17,47267.5
2021/9/16,47783.4
2021/9/15,48176.3
2021/9/14,47092.5
2021/9/13,44963.1
2021/9/12,46063.3
2021/9/11,45201.5
2021/9/10,44883.9
2021/9/9,46391.4
2021/9/8,46091.4
2021/9/7,46811.1
2021/9/6,52633.5
2021/9/5,51753.4
2021/9/4,49944.6
2021/9/3,50025.4
2021/9/2,49327.7
2021/9/1,48847
2021/8/31,47166.7
2021/8/30,47055
2021/8/29,48829.8
2021/8/28,48902.4
2021/8/27,49058.7
2021/8/26,46942.2
2021/8/25,48960.8
2021/8/24,47706.1
2021/8/23,49546.1
2021/8/22,49321.7
2021/8/21,48905.5
2021/8/20,49339.2
2021/8/19,46717.6
2021/8/18,44801.2
2021/8/17,44695.4
2021/8/16,46004.5
2021/8/15,47047
2021/8/14,47096.9
2021/8/13,47793.3
2021/8/12,44428.3
2021/8/11,45593.6
2021/8/10,45585
2021/8/9,46365.4
2021/8/8,43798.1
2021/8/7,44555.8
2021/8/6,42816.5
2021/8/5,40869.6
2021/8/4,39747.5
2021/8/3,38153
2021/8/2,39201.9
2021/8/1,39974.9
2021/7/31,41626.2
2021/7/30,42235.5
2021/7/29,40008.4
2021/7/28,39995.9
2021/7/27,39406.9
2021/7/26,37337.5
2021/7/25,35350.2
2021/7/24,34292.4
2021/7/23,33581.6
2021/7/22,32313.1
2021/7/21,32110.7
2021/7/20,29807.3
2021/7/19,30817.8
2021/7/18,31796.8
2021/7/17,31533.1
2021/7/16,31421.5
2021/7/15,31780.7
2021/7/14,32822.3
2021/7/13,32702
2021/7/12,33155.8
2021/7/11,34240.2
2021/7/10,33520.5
2021/7/9,33798
2021/7/8,32877.4
2021/7/7,33855.3
2021/7/6,34235.2
2021/7/5,33746
2021/7/4,35287.8
2021/7/3,34668.5
2021/7/2,33897
2021/7/1,33572.1
2021/6/30,35040.8
2021/6/29,35867.8
2021/6/28,34434.3
2021/6/27,34649.6
2021/6/26,32186.3
2021/6/25,31637.8
2021/6/24,34662.4
2021/6/23,33723
2021/6/22,32505.7
2021/6/21,31676.7
2021/6/20,35698.3
2021/6/19,35615.9
2021/6/18,35787.2
2021/6/17,38053.5
2021/6/16,38347.1
2021/6/15,40406.3
2021/6/14,40218.5
2021/6/13,39097.9
2021/6/12,35552.5
2021/6/11,37334.4
2021/6/10,36702.6
2021/6/9,37345.1
2021/6/8,33472.6
2021/6/7,33560.7
2021/6/6,35862.4
2021/6/5,35552
2021/6/4,36894.4
2021/6/3,39208.8
2021/6/2,37575.2
2021/6/1,36684.9
2021/5/31,37332.9
2021/5/30,35678.1
2021/5/29,34616.1
2021/5/28,35697.6
2021/5/27,38437
2021/5/26,39294.2
2021/5/25,38402.2
2021/5/24,38706
2021/5/23,34770.6
2021/5/22,37536.6
2021/5/21,37304.7
2021/5/20,40782.7
2021/5/19,37002.4
2021/5/18,42909.4
2021/5/17,43537.5
2021/5/16,46456.1
2021/5/15,46760.2
2021/5/14,49880.5
2021/5/13,49716.2
2021/5/12,49150.5
2021/5/11,56704.6
2021/5/10,55859.8
2021/5/9,58232.3
2021/5/8,58803.8
2021/5/7,57356.4
2021/5/6,56396.5
2021/5/5,57424
2021/5/4,53333.5
2021/5/3,57200.3
2021/5/2,56631.1
2021/5/1,57828.1
2021/4/30,57750.2
2021/4/29,53555.1
2021/4/28,54824.7
2021/4/27,55033.1
2021/4/26,54021.8
2021/4/25,49004.3
2021/4/24,50050.9
2021/4/23,51093.7
2021/4/22,51762.3
2021/4/21,53906.1
2021/4/20,56473
2021/4/19,55724.3
2021/4/18,56216.2
2021/4/17,60683.8
2021/4/16,61572.8
2021/4/15,63314
2021/4/14,63109.7
2021/4/13,63503.5
2021/4/12,59893.5
2021/4/11,60205
2021/4/10,59793.2
2021/4/9,58245
2021/4/8,58324
2021/4/7,56048.9
2021/4/6,58192.4
2021/4/5,59057.9
2021/4/4,58758.6
2021/4/3,57603.9
2021/4/2,59384.3
2021/4/1,59095.8
2021/3/31,58918.8
2021/3/30,58917.7
2021/3/29,57750.2
2021/3/28,55950.7
2021/3/27,55973.5
2021/3/26,55137.3
2021/3/25,51704.2
2021/3/24,52774.3
2021/3/23,54738.9
2021/3/22,54529.1
2021/3/21,57523.4
2021/3/20,58313.6
2021/3/19,58346.7
2021/3/18,57858.9
2021/3/17,58870.9
2021/3/16,56804.9
2021/3/15,55907.2
2021/3/14,59302.3
2021/3/13,61243.1
2021/3/12,57332.1
2021/3/11,57805.1
2021/3/10,56008.6
2021/3/9,54824.1
2021/3/8,52246.5
2021/3/7,51206.7
2021/3/6,48912.4
2021/3/5,48927.3
2021/3/4,48561.2
2021/3/3,50538.2
2021/3/2,48379
2021/3/1,49631.2
2021/2/28,45137.8
2021/2/27,46188.5
2021/2/26,46339.8
2021/2/25,47093.9
2021/2/24,49705.3
2021/2/23,48824.4
2021/2/22,54207.3
2021/2/21,57539.9
2021/2/20,56099.5
2021/2/19,55888.1
2021/2/18,51679.8
2021/2/17,52149
2021/2/16,49199.9
2021/2/15,47945.1
2021/2/14,48717.3
2021/2/13,47105.5
2021/2/12,47504.9
2021/2/11,47909.3
2021/2/10,44918.2
2021/2/9,46481.1
2021/2/8,46196.5
2021/2/7,38903.4
2021/2/6,39266
2021/2/5,38144.3
2021/2/4,36926.1
2021/2/3,37472.1
2021/2/2,35510.3
2021/2/1,33537.2
2021/1/31,33114.4
2021/1/30,34269.5
2021/1/29,34316.4
2021/1/28,33466.1
2021/1/27,30432.5
2021/1/26,32569.8
2021/1/25,32366.4
2021/1/24,32289.4
2021/1/23,32067.6
2021/1/22,33005.8
2021/1/21,30825.7
2021/1/20,35547.8
2021/1/19,36069.8
2021/1/18,36630.1
2021/1/17,35791.3
2021/1/16,36178.1
2021/1/15,36825.4
2021/1/14,39187.3
2021/1/13,37316.4
2021/1/12,33923
2021/1/11,35566.7
2021/1/10,38356.4
2021/1/9,40254.5
2021/1/8,40797.6
2021/1/7,39371
2021/1/6,36824.4
2021/1/5,33992.4
2021/1/4,31971.9
2021/1/3,32782
2021/1/2,32127.3
2021/1/1,29374.2
2020/12/31,29001.7
2020/12/30,28841
2020/12/29,27362.4
2020/12/28,27084.8
2020/12/27,26272.3
2020/12/26,26437
2020/12/25,24664.8
2020/12/24,23735.9
2020/12/23,23241.3
2020/12/22,23783
2020/12/21,22803.1
2020/12/20,23477.3
2020/12/19,23869.8
2020/12/18,23138
2020/12/17,22805.2
2020/12/16,21310.6
2020/12/15,19417.1
2020/12/14,19246.6
2020/12/13,19142.4
2020/12/12,18803.7
2020/12/11,18058.9
2020/12/10,18265
2020/12/9,18553.9
2020/12/8,18321.1
2020/12/7,19191.6
2020/12/6,19345.1
2020/12/5,19154.2
2020/12/4,18699.8
2020/12/3,19445.4
2020/12/2,19201.1
2020/12/1,18803
2020/11/30,19625.8
2020/11/29,18177.5
2020/11/28,17717.4
2020/11/27,17108.4
2020/11/26,17150.6
2020/11/25,18732.1
2020/11/24,19107.5
2020/11/23,18364.1
2020/11/22,18370
2020/11/21,18642.2
2020/11/20,18621.3
2020/11/19,17817.1
2020/11/18,17804
2020/11/17,17645.4
2020/11/16,16716.1
2020/11/15,15955.6
2020/11/14,16068.1
2020/11/13,16317.8
2020/11/12,16276.3
2020/11/11,15701.3
2020/11/10,15290.9
2020/11/9,15332.3
2020/11/8,15479.6
2020/11/7,14833.8
2020/11/6,15565.9
2020/11/5,15579.8
2020/11/4,14133.7
2020/11/3,13950.3
2020/11/2,13550.5
2020/11/1,13737.1
2020/10/31,13781
2020/10/30,13546.5
2020/10/29,13437.9
2020/10/28,13271.3
2020/10/27,13654.2
2020/10/26,13075.2
2020/10/25,13031.2
2020/10/24,13108.1
2020/10/23,12931.5
2020/10/22,12965.9
2020/10/21,12823.7
2020/10/20,11916.3
2020/10/19,11742
2020/10/18,11483.4
2020/10/17,11358.1
2020/10/16,11322.1
2020/10/15,11495.3
2020/10/14,11429.5
2020/10/13,11425.9
2020/10/12,11555.4
2020/10/11,11384.2
2020/10/10,11296.4
2020/10/9,11064.5
2020/10/8,10915.7
2020/10/7,10669
2020/10/6,10604.4
2020/10/5,10793.3
2020/10/4,10669.6
2020/10/3,10549.3
2020/10/2,10576
2020/10/1,10619.5
2020/9/30,10784.5
2020/9/29,10844.6
2020/9/28,10709.7
2020/9/27,10775.3
2020/9/26,10750.7
2020/9/25,10692.7
2020/9/24,10760.1
2020/9/23,10246.2
2020/9/22,10538.5
2020/9/21,10462.3
2020/9/20,10938.3
2020/9/19,11094.3
2020/9/18,10944.6
2020/9/17,10949
2020/9/16,10974.9
2020/9/15,10797
2020/9/14,10680.8
2020/9/13,10323.8
2020/9/12,10442.2
2020/9/11,10400.9
2020/9/10,10363.1
2020/9/9,10242.3
2020/9/8,10131.5
2020/9/7,10369.6
2020/9/6,10280.4
2020/9/5,10169.6
2020/9/4,10511.8
2020/9/3,10245.3
2020/9/2,11414
2020/9/1,11970.5
2020/8/31,11680.8
2020/8/30,11711.5
2020/8/29,11506.9
2020/8/28,11542.5
2020/8/27,11323.4
2020/8/26,11488.4
2020/8/25,11366.1
2020/8/24,11774.6
2020/8/23,11664.8
2020/8/22,11681.8
2020/8/21,11592.5
2020/8/20,11878.4
2020/8/19,11758.3
2020/8/18,11991.2
2020/8/17,12254.4
2020/8/16,11892.8
2020/8/15,11865.7
2020/8/14,11768.9
2020/8/13,11784.1
2020/8/12,11584.9
2020/8/11,11410.5
2020/8/10,11878.1
2020/8/9,11675.7
2020/8/8,11754
2020/8/7,11601.5
2020/8/6,11779.8
2020/8/5,11747
2020/8/4,11205.9
2020/8/3,11246.3
2020/8/2,11053.6
2020/8/1,11759.6
2020/7/31,11323.5
2020/7/30,11111.2
2020/7/29,11100.5
2020/7/28,10912.8
2020/7/27,10990.9
2020/7/26,9905.17
2020/7/25,9677.11
2020/7/24,9536.89
2020/7/23,9581.07
2020/7/22,9525.36
2020/7/21,9374.89
2020/7/20,9164.23
2020/7/19,9185.82
2020/7/18,9159.04
2020/7/17,9151.39
2020/7/16,9132.23
2020/7/15,9192.84
2020/7/14,9243.21
2020/7/13,9243.61
2020/7/12,9276.5
2020/7/11,9240.35
2020/7/10,9278.81
2020/7/9,9277.97
2020/7/8,9428.33
2020/7/7,9252.28
2020/7/6,9375.47
2020/7/5,9073.94
2020/7/4,9132.49
2020/7/3,9087.3
2020/7/2,9123.41
2020/7/1,9228.33
2020/6/30,9137.99
2020/6/29,9190.85
2020/6/28,9143.58
2020/6/27,9045.39
2020/6/26,9162.92
2020/6/25,9264.81
2020/6/24,9313.61
2020/6/23,9629.66
2020/6/22,9648.72
2020/6/21,9303.63
2020/6/20,9332.34
2020/6/19,9288.02
2020/6/18,9411.84
2020/6/17,9480.25
2020/6/16,9538.02
2020/6/15,9450.7
2020/6/14,9386.79
2020/6/13,9475.28
2020/6/12,9480.84
2020/6/11,9321.78
2020/6/10,9870.09
2020/6/9,9795.7
2020/6/8,9771.49
2020/6/7,9758.85
2020/6/6,9653.68
2020/6/5,9665.53
2020/6/4,9800.64
2020/6/3,9656.72
2020/6/2,9529.8
2020/6/1,10167.3
2020/5/31,9461.06
2020/5/30,9700.41
2020/5/29,9439.12
2020/5/28,9525.75
2020/5/27,9181.02
2020/5/26,8835.05
2020/5/25,8906.93
2020/5/24,8790.37
2020/5/23,9209.29
2020/5/22,9182.58
2020/5/21,9081.76
2020/5/20,9522.98
2020/5/19,9729.04
2020/5/18,9726.58
2020/5/17,9670.74
2020/5/16,9377.01
2020/5/15,9328.2
2020/5/14,9733.72
2020/5/13,9269.99
2020/5/12,8804.48
2020/5/11,8601.8
2020/5/10,8756.43
2020/5/9,9593.9
2020/5/8,9842.67
2020/5/7,9951.52
2020/5/6,9268.76
2020/5/5,9003.07
2020/5/4,8912.65
2020/5/3,8897.47
2020/5/2,8988.6
2020/5/1,8864.77
2020/4/30,8658.55
2020/4/29,8801.04
2020/4/28,7807.06
2020/4/27,7795.6
2020/4/26,7679.87
2020/4/25,7569.94
2020/4/24,7550.9
2020/4/23,7429.72
2020/4/22,7117.21
2020/4/21,6880.32
2020/4/20,6881.96
2020/4/19,7189.42
2020/4/18,7257.67
2020/4/17,7096.18
2020/4/16,7116.8
2020/4/15,6642.11
2020/4/14,6842.43
2020/4/13,6845.04
2020/4/12,6971.09
2020/4/11,6859.08
2020/4/10,6865.49
2020/4/9,7302.09
2020/4/8,7334.1
2020/4/7,7176.41
2020/4/6,7271.78
2020/4/5,6791.13
2020/4/4,6867.53
2020/4/3,6733.39
2020/4/2,6793.62
2020/4/1,6606.78
2020/3/31,6438.64
2020/3/30,6429.84
2020/3/29,5922.04
2020/3/28,6242.19
2020/3/27,6469.8
2020/3/26,6716.44
2020/3/25,6681.06
2020/3/24,6734.8
2020/3/23,6416.31
2020/3/22,5830.25
2020/3/21,6185.07
2020/3/20,6198.78
2020/3/19,6191.19
2020/3/18,5238.44
2020/3/17,5225.63
2020/3/16,5014.48
2020/3/15,5392.31
2020/3/14,5200.37
2020/3/13,5563.71
2020/3/12,4970.79
2020/3/11,7911.43
2020/3/10,7909.73
2020/3/9,7923.64
2020/3/8,8108.12
2020/3/7,8909.95
2020/3/6,9122.55
2020/3/5,9078.76
2020/3/4,8755.25
2020/3/3,8787.79
2020/3/2,8869.67
2020/3/1,8562.45
2020/2/29,8599.51
2020/2/28,8672.46
2020/2/27,8784.49
2020/2/26,8820.52
2020/2/25,9341.71
2020/2/24,9650.17
2020/2/23,9924.52
2020/2/22,9663.18
2020/2/21,9686.44
2020/2/20,9608.48
2020/2/19,9633.39
2020/2/18,10142
2020/2/17,9690.14
2020/2/16,9934.43
2020/2/15,9889.42
2020/2/14,10312.1
2020/2/13,10214.4
2020/2/12,10326.1
2020/2/11,10208.2
2020/2/10,9856.61
2020/2/9,10116.7
2020/2/8,9865.12
2020/2/7,9795.94
2020/2/6,9729.8
2020/2/5,9613.42
2020/2/4,9180.96
2020/2/3,9293.52
2020/2/2,9344.37
2020/2/1,9392.88
2020/1/31,9350.53
2020/1/30,9508.99
2020/1/29,9316.63
2020/1/28,9358.59
2020/1/27,8909.82
2020/1/26,8596.83
2020/1/25,8367.85
2020/1/24,8445.43
2020/1/23,8406.52
2020/1/22,8680.88
2020/1/21,8745.89
2020/1/20,8657.64
2020/1/19,8706.25
2020/1/18,8942.81
2020/1/17,8929.04
2020/1/16,8723.79
2020/1/15,8807.01
2020/1/14,8827.76
2020/1/13,8144.19
2020/1/12,8192.49
2020/1/11,8037.54
2020/1/10,8166.55
2020/1/9,7879.07
2020/1/8,8079.86
2020/1/7,8163.69
2020/1/6,7769.22
2020/1/5,7411.32
2020/1/4,7410.66
2020/1/3,7344.88
2020/1/2,6985.47
2020/1/1,7200.17
2019/12/31,7193.6
2019/12/30,7293
2019/12/29,7422.65
2019/12/28,7317.99
2019/12/27,7290.09
2019/12/26,7238.97
2019/12/25,7275.16
2019/12/24,7322.53
2019/12/23,7355.63
2019/12/22,7511.59
2019/12/21,7191.16
2019/12/20,7218.82
2019/12/19,7202.84
2019/12/18,7276.8
2019/12/17,6640.52
2019/12/16,6932.48
2019/12/15,7152.3
2019/12/14,7124.67
2019/12/13,7269.68
2019/12/12,7243.13
2019/12/11,7217.43
2019/12/10,7278.12
2019/12/9,7400.9
2019/12/8,7564.35
2019/12/7,7556.24
2019/12/6,7547
2019/12/5,7448.31
2019/12/4,7252.03
2019/12/3,7320.15
2019/12/2,7321.99
2019/12/1,7424.29
2019/11/30,7569.63
2019/11/29,7761.24
2019/11/28,7463.11
2019/11/27,7531.66
2019/11/26,7218.37
2019/11/25,7146.13
2019/11/24,7047.92
2019/11/23,7397.8
2019/11/22,7296.58
2019/11/21,7642.75
2019/11/20,8027.27
2019/11/19,8206.15
2019/11/18,8309.29
2019/11/17,8577.98
2019/11/16,8550.76
2019/11/15,8491.99
2019/11/14,8708.09
2019/11/13,8808.26
2019/11/12,8815.66
2019/11/11,8757.79
2019/11/10,9055.53
2019/11/9,8813.58
2019/11/8,8804.88
2019/11/7,9267.56
2019/11/6,9360.88
2019/11/5,9342.53
2019/11/4,9412.61
2019/11/3,9235.35
2019/11/2,9324.72
2019/11/1,9261.1
2019/10/31,9199.58
2019/10/30,9205.73
2019/10/29,9427.69
2019/10/28,9256.15
2019/10/27,9551.71
2019/10/26,9244.97
2019/10/25,8660.7
2019/10/24,7493.49
2019/10/23,7514.67
2019/10/22,8078.2
2019/10/21,8243.72
2019/10/20,8222.08
2019/10/19,7988.56
2019/10/18,7973.21
2019/10/17,8103.91
2019/10/16,8047.53
2019/10/15,8205.37
2019/10/14,8374.69
2019/10/13,8321.01
2019/10/12,8336.56
2019/10/11,8321.76
2019/10/10,8586.47
2019/10/9,8595.74
2019/10/8,8228.78
2019/10/7,8245.62
2019/10/6,7988.16
2019/10/5,8151.5
2019/10/4,8205.94
2019/10/3,8259.99
2019/10/2,8393.04
2019/10/1,8343.28
2019/9/30,8293.87
2019/9/29,8104.19
2019/9/28,8245.92
2019/9/27,8251.85
2019/9/26,8118.97
2019/9/25,8486.99
2019/9/24,8620.57
2019/9/23,9729.32
2019/9/22,10070.4
2019/9/21,10019.7
2019/9/20,10181.6
2019/9/19,10266.4
2019/9/18,10198.2
2019/9/17,10241.3
2019/9/16,10276.8
2019/9/15,10347.7
2019/9/14,10358
2019/9/13,10360.5
2019/9/12,10410.1
2019/9/11,10178.4
2019/9/10,10116
2019/9/9,10335
2019/9/8,10441.3
2019/9/7,10517.3
2019/9/6,10353.3
2019/9/5,10575.5
2019/9/4,10594.5
2019/9/3,10623.5
2019/9/2,10346.8
2019/9/1,9757.97
2019/8/31,9630.66
2019/8/30,9598.17
2019/8/29,9510.2
2019/8/28,9754.42
2019/8/27,10185.5
2019/8/26,10370.8
2019/8/25,10138.5
2019/8/24,10160
2019/8/23,10408
2019/8/22,10131.1
2019/8/21,10138
2019/8/20,10763.2
2019/8/19,10916.1
2019/8/18,10345.8
2019/8/17,10231.7
2019/8/16,10374.3
2019/8/15,10311.5
2019/8/14,10051.7
2019/8/13,10895.8
2019/8/12,11382.6
2019/8/11,11523.6
2019/8/10,11354
2019/8/9,11862.9
2019/8/8,11966.4
2019/8/7,11942
2019/8/6,11478.2
2019/8/5,11805.7
2019/8/4,10970.2
2019/8/3,10821.7
2019/8/2,10518.2
2019/8/1,10399.7
2019/7/31,10085.6
2019/7/30,9607.42
2019/7/29,9519.15
2019/7/28,9552.86
2019/7/27,9477.68
2019/7/26,9870.3
2019/7/25,9911.84
2019/7/24,9811.93
2019/7/23,9900.77
2019/7/22,10343.1
2019/7/21,10599.1
2019/7/20,10767.1
2019/7/19,10530.7
2019/7/18,10666.5
2019/7/17,9693.8
2019/7/16,9477.64
2019/7/15,10895.1
2019/7/14,10256.1
2019/7/13,11392.4
2019/7/12,11816
2019/7/11,11358.7
2019/7/10,12156.5
2019/7/9,12573.8
2019/7/8,12286
2019/7/7,11450.8
2019/7/6,11208.6
2019/7/5,10978.5
2019/7/4,11215.4
2019/7/3,11961.3
2019/7/2,10801.7
2019/7/1,10583.1
2019/6/30,10817.2
2019/6/29,11959.4
2019/6/28,12407.3
2019/6/27,11182.8
2019/6/26,13016.2
2019/6/25,11790.9
2019/6/24,11011.1
2019/6/23,10855.4
2019/6/22,10701.7
2019/6/21,10144.6
2019/6/20,9527.16
2019/6/19,9273.52
2019/6/18,9081.76
2019/6/17,9320.35
2019/6/16,8994.49
2019/6/15,8838.38
2019/6/14,8693.83
2019/6/13,8230.92
2019/6/12,8145.86
2019/6/11,7927.71
2019/6/10,8000.33
2019/6/9,7688.08
2019/6/8,7954.13
2019/6/7,8043.95
2019/6/6,7822.02
2019/6/5,7824.23
2019/6/4,7707.77
2019/6/3,8209
2019/6/2,8742.96
2019/6/1,8564.02
2019/5/31,8574.5
2019/5/30,8319.47
2019/5/29,8659.49
2019/5/28,8719.96
2019/5/27,8805.78
2019/5/26,8673.22
2019/5/25,8052.54
2019/5/24,7987.37
2019/5/23,7881.85
2019/5/22,7680.07
2019/5/21,7963.33
2019/5/20,7978.31
2019/5/19,8197.69
2019/5/18,7271.21
2019/5/17,7343.9
2019/5/16,7884.91
2019/5/15,8205.17
2019/5/14,7994.42
2019/5/13,7814.92
2019/5/12,6972.37
2019/5/11,7204.77
2019/5/10,6378.85
2019/5/9,6174.53
2019/5/8,5982.46
2019/5/7,5829.5
2019/5/6,5746.81
2019/5/5,5795.71
2019/5/4,5831.17
2019/5/3,5768.29
2019/5/2,5505.28
2019/5/1,5402.7
2019/4/30,5350.73
2019/4/29,5247.35
2019/4/28,5285.14
2019/4/27,5268.29
2019/4/26,5279.35
2019/4/25,5210.52
2019/4/24,5464.87
2019/4/23,5572.36
2019/4/22,5399.37
2019/4/21,5314.53
2019/4/20,5337.89
2019/4/19,5303.81
2019/4/18,5298.39
2019/4/17,5251.94
2019/4/16,5235.56
2019/4/15,5067.11
2019/4/14,5167.72
2019/4/13,5096.59
2019/4/12,5089.54
2019/4/11,5064.49
2019/4/10,5324.55
2019/4/9,5204.96
2019/4/8,5289.77
2019/4/7,5198.9
2019/4/6,5059.82
2019/4/5,5036.68
2019/4/4,4922.8
2019/4/3,4973.02
2019/4/2,4879.88
2019/4/1,4158.18
2019/3/31,4105.4
2019/3/30,4106.66
2019/3/29,4098.37
2019/3/28,4069.11
2019/3/27,4087.07
2019/3/26,3985.08
2019/3/25,3963.07
2019/3/24,4022.17
2019/3/23,4035.83
2019/3/22,4023.97
2019/3/21,4029.33
2019/3/20,4087.48
2019/3/19,4071.19
2019/3/18,4032.51
2019/3/17,4025.23
2019/3/16,4048.73
2019/3/15,3960.91
2019/3/14,3924.37
2019/3/13,3906.72
2019/3/12,3909.16
2019/3/11,3905.23
2019/3/10,3951.6
2019/3/9,3963.31
2019/3/8,3901.13
2019/3/7,3911.48
2019/3/6,3903.94
2019/3/5,3896.38
2019/3/4,3761.56
2019/3/3,3847.18
2019/3/2,3864.42
2019/3/1,3859.58
2019/2/28,3854.79
2019/2/27,3851.05
2019/2/26,3854.36
2019/2/25,3882.7
2019/2/24,3810.43
2019/2/23,4142.53
2019/2/22,4005.53
2019/2/21,3954.12
2019/2/20,3999.82
2019/2/19,3947.09
2019/2/18,3915.71
2019/2/17,3673.84
2019/2/16,3629.79
2019/2/15,3620.81
2019/2/14,3616.88
2019/2/13,3632.07
2019/2/12,3653.53
2019/2/11,3648.43
2019/2/10,3690.19
2019/2/9,3671.2
2019/2/8,3666.78
2019/2/7,3399.47
2019/2/6,3413.77
2019/2/5,3466.36
2019/2/4,3459.15
2019/2/3,3464.01
2019/2/2,3521.06
2019/2/1,3487.95
2019/1/31,3457.79
2019/1/30,3486.18
2019/1/29,3448.12
2019/1/28,3470.45
2019/1/27,3583.97
2019/1/26,3602.46
2019/1/25,3599.77
2019/1/24,3600.87
2019/1/23,3585.12
2019/1/22,3604.58
2019/1/21,3576.03
2019/1/20,3601.01
2019/1/19,3728.57
2019/1/18,3657.84
2019/1/17,3678.56
2019/1/16,3655.01
2019/1/15,3630.68
2019/1/14,3706.05
2019/1/13,3552.95
2019/1/12,3661.3
2019/1/11,3687.37
2019/1/10,3678.92
2019/1/9,4035.3
2019/1/8,4030.85
2019/1/7,4025.25
2019/1/6,4076.63
2019/1/5,3845.19
2019/1/4,3857.72
2019/1/3,3836.74
2019/1/2,3943.41
2019/1/1,3843.52
2018/12/31,3742.7
2018/12/30,3865.95
2018/12/29,3820.41
2018/12/28,3923.92
2018/12/27,3654.83
2018/12/26,3857.3
2018/12/25,3815.49
2018/12/24,4078.6
2018/12/23,3998.98
2018/12/22,4014.18
2018/12/21,3896.54
2018/12/20,4134.44
2018/12/19,3745.95
2018/12/18,3696.06
2018/12/17,3545.86
2018/12/16,3252.84
2018/12/15,3236.76
2018/12/14,3242.48
2018/12/13,3313.68
2018/12/12,3486.95
2018/12/11,3424.59
2018/12/10,3502.66
2018/12/9,3614.23
2018/12/8,3476.11
2018/12/7,3419.94
2018/12/6,3521.1
2018/12/5,3753.99
2018/12/4,3956.89
2018/12/3,3894.13
2018/12/2,4139.88
2018/12/1,4214.67
2018/11/30,4017.27
2018/11/29,4278.85
2018/11/28,4257.42
2018/11/27,3820.72
2018/11/26,3779.13
2018/11/25,4009.97
2018/11/24,3880.76
2018/11/23,4347.11
2018/11/22,4365.94
2018/11/21,4602.17
2018/11/20,4451.87
2018/11/19,4871.49
2018/11/18,5623.54
2018/11/17,5554.33
2018/11/16,5575.55
2018/11/15,5648.03
2018/11/14,5738.35
2018/11/13,6359.49
2018/11/12,6371.27
2018/11/11,6411.27
2018/11/10,6409.22
2018/11/9,6385.62
2018/11/8,6453.72
2018/11/7,6530.14
2018/11/6,6461.01
2018/11/5,6419.66
2018/11/4,6376.13
2018/11/3,6361.26
2018/11/2,6388.44
2018/11/1,6377.78
2018/10/31,6317.61
2018/10/30,6334.27
2018/10/29,6332.63
2018/10/28,6486.39
2018/10/27,6480.38
2018/10/26,6474.75
2018/10/25,6476.29
2018/10/24,6495.84
2018/10/23,6475.74
2018/10/22,6487.16
2018/10/21,6482.35
2018/10/20,6489.19
2018/10/19,6465.41
2018/10/18,6476.71
2018/10/17,6544.43
2018/10/16,6596.11
2018/10/15,6596.54
2018/10/14,6290.93
2018/10/13,6285.99
2018/10/12,6274.58
2018/10/11,6256.24
2018/10/10,6585.53
2018/10/9,6642.64
2018/10/8,6652.23
2018/10/7,6602.95
2018/10/6,6588.31
2018/10/5,6622.48
2018/10/4,6576.69
2018/10/3,6502.59
2018/10/2,6556.1
2018/10/1,6589.62
2018/9/30,6625.56
2018/9/29,6601.96
2018/9/28,6644.13
2018/9/27,6676.75
2018/9/26,6495
2018/9/25,6446.47
2018/9/24,6595.41
2018/9/23,6710.63
2018/9/22,6721.98
2018/9/21,6734.95
2018/9/20,6519.67
2018/9/19,6398.54
2018/9/18,6371.3
2018/9/17,6281.2
2018/9/16,6517.18
2018/9/15,6543.2
2018/9/14,6512.71
2018/9/13,6517.31
2018/9/12,6351.8
2018/9/11,6321.2
2018/9/10,6329.7
2018/9/9,6300.86
2018/9/8,6225.98
2018/9/7,6467.07
2018/9/6,6529.17
2018/9/5,6792.83
2018/9/4,7361.66
2018/9/3,7260.06
2018/9/2,7272.72
2018/9/1,7193.25
2018/8/31,7037.58
2018/8/30,6978.23
2018/8/29,7047.16
2018/8/28,7096.28
2018/8/27,6884.64
2018/8/26,6707.26
2018/8/25,6763.19
2018/8/24,6719.96
2018/8/23,6534.88
2018/8/22,6376.71
2018/8/21,6488.76
2018/8/20,6308.53
2018/8/19,6506.07
2018/8/18,6423.76
2018/8/17,6580.63
2018/8/16,6334.73
2018/8/15,6308.52
2018/8/14,6199.71
2018/8/13,6297.57
2018/8/12,6322.69
2018/8/11,6295.73
2018/8/10,6184.71
2018/8/9,6568.23
2018/8/8,6305.8
2018/8/7,6753.12
2018/8/6,6951.8
2018/8/5,7068.48
2018/8/4,7032.85
2018/8/3,7434.39
2018/8/2,7567.15
2018/8/1,7624.91
2018/7/31,7780.44
2018/7/30,8180.48
2018/7/29,8218.46
2018/7/28,8192.15
2018/7/27,8165.01
2018/7/26,7951.58
2018/7/25,8181.39
2018/7/24,8424.27
2018/7/23,7711.11
2018/7/22,7418.49
2018/7/21,7419.29
2018/7/20,7354.13
2018/7/19,7466.86
2018/7/18,7370.78
2018/7/17,7321.04
2018/7/16,6741.75
2018/7/15,6359.64
2018/7/14,6276.12
2018/7/13,6238.05
2018/7/12,6228.81
2018/7/11,6394.71
2018/7/10,6329.95
2018/7/9,6741.75
2018/7/8,6773.88
2018/7/7,6856.93
2018/7/6,6673.5
2018/7/5,6639.14
2018/7/4,6597.55
2018/7/3,6529.59
2018/7/2,6614.18
2018/7/1,6385.82
2018/6/30,6404
2018/6/29,6218.3
2018/6/28,5903.44
2018/6/27,6157.13
2018/6/26,6093.67
2018/6/25,6249.18
2018/6/24,6173.23
2018/6/23,6162.48
2018/6/22,6083.69
2018/6/21,6729.74
2018/6/20,6776.55
2018/6/19,6769.94
2018/6/18,6734.82
2018/6/17,6499.27
2018/6/16,6550.16
2018/6/15,6456.58
2018/6/14,6675.35
2018/6/13,6349.9
2018/6/12,6582.36
2018/6/11,6906.92
2018/6/10,6786.02
2018/6/9,7531.98
2018/6/8,7624.92
2018/6/7,7678.24
2018/6/6,7653.98
2018/6/5,7633.76
2018/6/4,7514.47
2018/6/3,7720.25
2018/6/2,7643.45
2018/6/1,7541.45
2018/5/31,7494.17
2018/5/30,7406.52
2018/5/29,7472.59
2018/5/28,7135.99
2018/5/27,7368.22
2018/5/26,7355.88
2018/5/25,7480.14
2018/5/24,7587.34
2018/5/23,7557.82
2018/5/22,8041.78
2018/5/21,8418.99
2018/5/20,8513.25
2018/5/19,8247.18
2018/5/18,8250.97
2018/5/17,8094.32
2018/5/16,8368.83
2018/5/15,8510.38
2018/5/14,8716.79
2018/5/13,8723.94
2018/5/12,8504.89
2018/5/11,8441.49
2018/5/10,9043.94
2018/5/9,9325.18
2018/5/8,9234.82
2018/5/7,9373.01
2018/5/6,9654.8
2018/5/5,9858.15
2018/5/4,9700.76
2018/5/3,9743.86
2018/5/2,9235.92
2018/5/1,9119.01
2018/4/30,9240.55
2018/4/29,9419.08
2018/4/28,9348.48
2018/4/27,8987.05
2018/4/26,9281.51
2018/4/25,8845.74
2018/4/24,9697.5
2018/4/23,8930.88
2018/4/22,8802.46
2018/4/21,8895.58
2018/4/20,8845.83
2018/4/19,8294.31
2018/4/18,8163.42
2018/4/17,7902.09
2018/4/16,8058.67
2018/4/15,8329.11
2018/4/14,7986.24
2018/4/13,7895.96
2018/4/12,7889.25
2018/4/11,6968.32
2018/4/10,6834.76
2018/4/9,6770.73
2018/4/8,7023.52
2018/4/7,6911.09
2018/4/6,6636.32
2018/4/5,6811.47
2018/4/4,6853.84
2018/4/3,7456.11
2018/4/2,7083.8
2018/4/1,6844.23
2018/3/31,6973.53
2018/3/30,6890.52
2018/3/29,7165.7
2018/3/28,7954.48
2018/3/27,7833.04
2018/3/26,8209.4
2018/3/25,8495.78
2018/3/24,8668.12
2018/3/23,8879.62
2018/3/22,8728.47
2018/3/21,8929.28
2018/3/20,8913.47
2018/3/19,8630.65
2018/3/18,8223.68
2018/3/17,7916.88
2018/3/16,8338.35
2018/3/15,8300.86
2018/3/14,8269.81
2018/3/13,9194.85
2018/3/12,9205.12
2018/3/11,9578.63
2018/3/10,8866
2018/3/9,9337.55
2018/3/8,9395.01
2018/3/7,9965.57
2018/3/6,10779.9
2018/3/5,11573.3
2018/3/4,11512.6
2018/3/3,11489.7
2018/3/2,11086.4
2018/3/1,10951
2018/2/28,10397.9
2018/2/27,10725.6
2018/2/26,10366.7
2018/2/25,9664.73
2018/2/24,9813.07
2018/2/23,10301.1
2018/2/22,10005
2018/2/21,10690.4
2018/2/20,11403.7
2018/2/19,11225.3
2018/2/18,10551.8
2018/2/17,11112.7
2018/2/16,10233.9
2018/2/15,10166.4
2018/2/14,9494.63
2018/2/13,8598.31
2018/2/12,8926.57
2018/2/11,8129.97
2018/2/10,8621.9
2018/2/9,8736.98
2018/2/8,8265.59
2018/2/7,7621.3
2018/2/6,7754
2018/2/5,6955.27
2018/2/4,8277.01
2018/2/3,9174.91
2018/2/2,8830.75
2018/2/1,9170.54
2018/1/31,10221.1
2018/1/30,10106.3
2018/1/29,11296.4
2018/1/28,11786.3
2018/1/27,11440.7
2018/1/26,11171.4
2018/1/25,11259.4
2018/1/24,11359.4
2018/1/23,10868.4
2018/1/22,10931.4
2018/1/21,11600.1
2018/1/20,12899.2
2018/1/19,11607.4
2018/1/18,11474.9
2018/1/17,11188.6
2018/1/16,11490.5
2018/1/15,13819.8
2018/1/14,13772
2018/1/13,14360.2
2018/1/12,13980.6
2018/1/11,13405.8
2018/1/10,14973.3
2018/1/9,14595.4
2018/1/8,15170.1
2018/1/7,16477.6
2018/1/6,17527
2018/1/5,17429.5
2018/1/4,15599.2
2018/1/3,15201
2018/1/2,14982.1
2018/1/1,13657.2
2017/12/31,14156.4
2017/12/30,12952.2
2017/12/29,14656.2
2017/12/28,14606.5
2017/12/27,15838.5
2017/12/26,16099.8
2017/12/25,14026.6
2017/12/24,13925.8
2017/12/23,14699.2
2017/12/22,13831.8
2017/12/21,15802.9
2017/12/20,16624.6
2017/12/19,17776.7
2017/12/18,19114.2
2017/12/17,19140.8
2017/12/16,19497.4
2017/12/15,17706.9
2017/12/14,16564
2017/12/13,16408.2
2017/12/12,17415.4
2017/12/11,16936.8
2017/12/10,15455.4
2017/12/9,15178.2
2017/12/8,16569.4
2017/12/7,17899.7
2017/12/6,14291.5
2017/12/5,11916.7
2017/12/4,11657.2
2017/12/3,11323.2
2017/12/2,11074.6
2017/12/1,10975.6
2017/11/30,10233.6
2017/11/29,9888.61
2017/11/28,10058.8
2017/11/27,9818.35
2017/11/26,9330.55
2017/11/25,8790.92
2017/11/24,8253.69
2017/11/23,8038.77
2017/11/22,8253.55
2017/11/21,8071.26
2017/11/20,8200.64
2017/11/19,8036.49
2017/11/18,7790.15
2017/11/17,7708.99
2017/11/16,7871.69
2017/11/15,7315.54
2017/11/14,6635.75
2017/11/13,6559.49
2017/11/12,5950.07
2017/11/11,6357.6
2017/11/10,6618.14
2017/11/9,7143.58
2017/11/8,7459.69
2017/11/7,7144.38
2017/11/6,7022.76
2017/11/5,7407.41
2017/11/4,7379.95
2017/11/3,7207.76
2017/11/2,7078.5
2017/11/1,6767.31
2017/10/31,6468.4
2017/10/30,6130.53
2017/10/29,6153.85
2017/10/28,5753.09
2017/10/27,5780.9
2017/10/26,5904.83
2017/10/25,5750.8
2017/10/24,5526.64
2017/10/23,5930.32
2017/10/22,6008.42
2017/10/21,6031.6
2017/10/20,6011.45
2017/10/19,5708.52
2017/10/18,5590.69
2017/10/17,5605.51
2017/10/16,5725.59
2017/10/15,5678.19
2017/10/14,5831.79
2017/10/13,5647.21
2017/10/12,5446.91
2017/10/11,4826.48
2017/10/10,4781.99
2017/10/9,4772.02
2017/10/8,4610.48
2017/10/7,4426.89
2017/10/6,4370.81
2017/10/5,4328.41
2017/10/4,4229.36
2017/10/3,4317.48
2017/10/2,4409.32
2017/10/1,4403.74
2017/9/30,4338.71
2017/9/29,4163.07
2017/9/28,4174.73
2017/9/27,4200.67
2017/9/26,3892.35
2017/9/25,3926.07
2017/9/24,3682.84
2017/9/23,3792.4
2017/9/22,3630.7
2017/9/21,3631.04
2017/9/20,3905.95
2017/9/19,3924.97
2017/9/18,4065.2
2017/9/17,3582.88
2017/9/16,3625.04
2017/9/15,3637.52
2017/9/14,3154.95
2017/9/13,3882.59
2017/9/12,4130.81
2017/9/11,4161.27
2017/9/10,4122.94
2017/9/9,4226.06
2017/9/8,4228.75
2017/9/7,4599.88
2017/9/6,4597.12
2017/9/5,4376.53
2017/9/4,4236.31
2017/9/3,4582.96
2017/9/2,4578.77
2017/9/1,4892.01
2017/8/31,4703.39
2017/8/30,4565.3
2017/8/29,4579.02
2017/8/28,4382.66
2017/8/27,4382.88
2017/8/26,4352.4
2017/8/25,4371.6
2017/8/24,4334.68
2017/8/23,4151.52
2017/8/22,4100.52
2017/8/21,4001.74
2017/8/20,4087.66
2017/8/19,4193.7
2017/8/18,4160.62
2017/8/17,4331.69
2017/8/16,4376.63
2017/8/15,4181.93
2017/8/14,4325.13
2017/8/13,4073.26
2017/8/12,3884.71
2017/8/11,3650.62
2017/8/10,3381.28
2017/8/9,3342.47
2017/8/8,3419.94
2017/8/7,3378.94
2017/8/6,3213.94
2017/8/5,3252.91
2017/8/4,2895.89
2017/8/3,2804.73
2017/8/2,2710.67
2017/8/1,2718.26
2017/7/31,2875.34
2017/7/30,2757.18
2017/7/29,2726.45
2017/7/28,2809.01
2017/7/27,2671.78
2017/7/26,2529.45
2017/7/25,2576.48
2017/7/24,2754.86
2017/7/23,2730.4
2017/7/22,2810.12
2017/7/21,2667.76
2017/7/20,2817.6
2017/7/19,2273.43
2017/7/18,2318.88
2017/7/17,2228.41
2017/7/16,1929.82
2017/7/15,1998.86
2017/7/14,2233.34
2017/7/13,2357.9
2017/7/12,2398.84
2017/7/11,2337.79
2017/7/10,2372.56
2017/7/9,2518.44
2017/7/8,2571.34
2017/7/7,2518.66
2017/7/6,2608.56
2017/7/5,2601.99
2017/7/4,2601.64
2017/7/3,2564.06
2017/7/2,2506.47
2017/7/1,2434.55
2017/6/30,2480.84
2017/6/29,2539.32
2017/6/28,2574.79
2017/6/27,2552.45
2017/6/26,2478.45
2017/6/25,2589.41
2017/6/24,2608.72
2017/6/23,2744.91
2017/6/22,2705.41
2017/6/21,2689.1
2017/6/20,2721.79
2017/6/19,2589.6
2017/6/18,2548.29
2017/6/17,2655.88
2017/6/16,2518.56
2017/6/15,2464.58
2017/6/14,2506.37
2017/6/13,2717.02
2017/6/12,2659.63
2017/6/11,2958.11
2017/6/10,2947.71
2017/6/9,2823.81
2017/6/8,2805.62
2017/6/7,2732.16
2017/6/6,2863.2
2017/6/5,2686.81
2017/6/4,2511.81
2017/6/3,2515.35
2017/6/2,2488.55
2017/6/1,2407.88
2017/5/31,2286.41
2017/5/30,2175.47
2017/5/29,2255.61
2017/5/28,2155.8
2017/5/27,2038.87
2017/5/26,2202.42
2017/5/25,2304.98
2017/5/24,2443.64
2017/5/23,2320.42
2017/5/22,2173.4
2017/5/21,2041.2
2017/5/20,2084.73
2017/5/19,1987.71
2017/5/18,1888.65
2017/5/17,1839.09
2017/5/16,1734.45
2017/5/15,1738.43
2017/5/14,1808.91
2017/5/13,1804.91
2017/5/12,1724.24
2017/5/11,1848.57
2017/5/10,1787.13
2017/5/9,1755.36
2017/5/8,1723.35
2017/5/7,1596.71
2017/5/6,1578.8
2017/5/5,1555.45
2017/5/4,1537.67
2017/5/3,1490.09
2017/5/2,1452.82
2017/5/1,1421.6
2017/4/30,1347.89
2017/4/29,1321.79
2017/4/28,1316.48
2017/4/27,1317.73
2017/4/26,1281.08
2017/4/25,1265.49
2017/4/24,1250.15
2017/4/23,1207.21
2017/4/22,1231.71
2017/4/21,1222.05
2017/4/20,1229.08
2017/4/19,1210.29
2017/4/18,1211.67
2017/4/17,1193.91
2017/4/16,1182.94
2017/4/15,1172.52
2017/4/14,1167.54
2017/4/13,1169.28
2017/4/12,1200.37
2017/4/11,1205.01
2017/4/10,1187.13
2017/4/9,1187.87
2017/4/8,1175.95
2017/4/7,1176.9
2017/4/6,1182.68
2017/4/5,1124.78
2017/4/4,1133.25
2017/4/3,1143.81
2017/4/2,1102.17
2017/4/1,1080.5
2017/3/31,1071.79
2017/3/30,1026.43
2017/3/29,1039.97
2017/3/28,1047.15
2017/3/27,1045.77
2017/3/26,966.725
2017/3/25,972.779
2017/3/24,937.52
2017/3/23,1038.59
2017/3/22,1049.14
2017/3/21,1120.54
2017/3/20,1054.23
2017/3/19,1036.74
2017/3/18,973.818
2017/3/17,1100.23
2017/3/16,1187.81
2017/3/15,1249.61
2017/3/14,1240
2017/3/13,1231.92
2017/3/12,1221.38
2017/3/11,1175.83
2017/3/10,1116.72
2017/3/9,1188.49
2017/3/8,1150
2017/3/7,1223.54
2017/3/6,1272.83
2017/3/5,1267.12
2017/3/4,1255.15
2017/3/3,1274.99
2017/3/2,1251.01
2017/3/1,1222.5
2017/2/28,1179.97
2017/2/27,1179.97
2017/2/26,1165.2
2017/2/25,1143.84
2017/2/24,1173.68
2017/2/23,1166.72
2017/2/22,1117.44
2017/2/21,1115.3
2017/2/20,1079.98
2017/2/19,1047.87
2017/2/18,1054.42
2017/2/17,1046.21
2017/2/16,1027.44
2017/2/15,1007.48
2017/2/14,1004.55
2017/2/13,990.642
2017/2/12,999.181
2017/2/11,1004.45
2017/2/10,988.674
2017/2/9,994.383
2017/2/8,1063.07
2017/2/7,1061.35
2017/2/6,1038.15
2017/2/5,1027.34
2017/2/4,1042.9
2017/2/3,1029.91
2017/2/2,1011.8
2017/2/1,989.023
2017/1/31,970.403
2017/1/30,920.382
2017/1/29,919.496
2017/1/28,921.59
2017/1/27,919.75
2017/1/26,917.586
2017/1/25,901.542
2017/1/24,892.687
2017/1/23,921.012
2017/1/22,924.673
2017/1/21,921.789
2017/1/20,895.026
2017/1/19,899.073
2017/1/18,886.618
2017/1/17,907.938
2017/1/16,831.534
2017/1/15,821.798
2017/1/14,818.412
2017/1/13,823.984
2017/1/12,804.834
2017/1/11,777.757
2017/1/10,907.679
2017/1/9,902.828
2017/1/8,911.199
2017/1/7,908.585
2017/1/6,902.201
2017/1/5,1013.38
2017/1/4,1154.73
2017/1/3,1043.84
2017/1/2,1021.75
2017/1/1,998.325
2016/12/31,963.743
2016/12/30,961.238
2016/12/29,973.497
2016/12/28,975.921
2016/12/27,933.198
2016/12/26,907.61
2016/12/25,896.183
2016/12/24,898.822
2016/12/23,921.984
2016/12/22,864.54
2016/12/21,834.281
2016/12/20,800.876
2016/12/19,792.714
2016/12/18,790.53
2016/12/17,790.829
2016/12/16,784.907
2016/12/15,778.088
2016/12/14,781.481
2016/12/13,780.556
2016/12/12,780.087
2016/12/11,769.731
2016/12/10,774.65
2016/12/9,772.794
2016/12/8,770.81
2016/12/7,768.132
2016/12/6,764.224
2016/12/5,758.7
2016/12/4,773.872
2016/12/3,771.155
2016/12/2,777.944
2016/12/1,756.774
2016/11/30,745.691
2016/11/29,735.604
2016/11/28,735.813
2016/11/27,732.035
2016/11/26,735.382
2016/11/25,741.649
2016/11/24,740.289
2016/11/23,744.594
2016/11/22,751.347
2016/11/21,739.248
2016/11/20,731.026
2016/11/19,751.616
2016/11/18,751.585
2016/11/17,740.977
2016/11/16,744.198
2016/11/15,711.619
2016/11/14,705.021
2016/11/13,702.031
2016/11/12,705.054
2016/11/11,716.411
2016/11/10,715.534
2016/11/9,723.273
2016/11/8,709.848
2016/11/7,703.131
2016/11/6,711.522
2016/11/5,703.418
2016/11/4,703.235
2016/11/3,688.7
2016/11/2,740.829
2016/11/1,729.793
2016/10/31,700.972
2016/10/30,701.864
2016/10/29,714.479
2016/10/28,689.651
2016/10/27,688.313
2016/10/26,678.304
2016/10/25,657.588
2016/10/24,653.761
2016/10/23,657.071
2016/10/22,657.294
2016/10/21,632.828
2016/10/20,630.857
2016/10/19,630.52
2016/10/18,637.96
2016/10/17,639.193
2016/10/16,641.631
2016/10/15,638.646
2016/10/14,640.378
2016/10/13,636.786
2016/10/12,636.192
2016/10/11,641.072
2016/10/10,618.994
2016/10/9,616.752
2016/10/8,619.108
2016/10/7,617.121
2016/10/6,613.021
2016/10/5,612.511
2016/10/4,610.204
2016/10/3,612.133
2016/10/2,610.892
2016/10/1,613.983
2016/9/30,609.735
2016/9/29,605.693
2016/9/28,604.728
2016/9/27,606.166
2016/9/26,608.043
2016/9/25,600.826
2016/9/24,602.625
2016/9/23,602.842
2016/9/22,596.298
2016/9/21,597.149
2016/9/20,608.312
2016/9/19,609.227
2016/9/18,609.874
2016/9/17,605.984
2016/9/16,606.973
2016/9/15,607.155
2016/9/14,610.684
2016/9/13,609.241
2016/9/12,608.243
2016/9/11,606.719
2016/9/10,623.509
2016/9/9,622.861
2016/9/8,626.316
2016/9/7,614.544
2016/9/6,610.436
2016/9/5,606.59
2016/9/4,608.634
2016/9/3,598.212
2016/9/2,575.537
2016/9/1,572.303
2016/8/31,575.472
2016/8/30,577.503
2016/8/29,574.107
2016/8/28,573.912
2016/8/27,569.947
2016/8/26,579.651
2016/8/25,577.761
2016/8/24,580.182
2016/8/23,583.415
2016/8/22,586.753
2016/8/21,581.308
2016/8/20,581.697
2016/8/19,575.63
2016/8/18,574.318
2016/8/17,573.216
2016/8/16,577.439
2016/8/15,567.24
2016/8/14,570.473
2016/8/13,585.588
2016/8/12,587.559
2016/8/11,589.12
2016/8/10,592.103
2016/8/9,587.801
2016/8/8,591.054
2016/8/7,592.69
2016/8/6,587.778
2016/8/5,575.043
2016/8/4,578.289
2016/8/3,566.355
2016/8/2,547.465
2016/8/1,606.272
2016/7/31,624.681
2016/7/30,655.047
2016/7/29,656.992
2016/7/28,655.035
2016/7/27,654.352
2016/7/26,651.784
2016/7/25,654.097
2016/7/24,661.285
2016/7/23,655.556
2016/7/22,650.619
2016/7/21,665.012
2016/7/20,665.685
2016/7/19,672.864
2016/7/18,673.106
2016/7/17,679.459
2016/7/16,660.767
2016/7/15,663.255
2016/7/14,658.078
2016/7/13,654.468
2016/7/12,664.551
2016/7/11,647.659
2016/7/10,649.36
2016/7/9,650.96
2016/7/8,666.523
2016/7/7,640.562
2016/7/6,677.331
2016/7/5,670.627
2016/7/4,683.662
2016/7/3,658.664
2016/7/2,703.702
2016/7/1,676.296
2016/6/30,673.337
2016/6/29,639.89
2016/6/28,647.001
2016/6/27,655.275
2016/6/26,629.367
2016/6/25,665.123
2016/6/24,665.299
2016/6/23,623.977
2016/6/22,596.116
2016/6/21,666.652
2016/6/20,737.226
2016/6/19,763.781
2016/6/18,756.227
2016/6/17,748.909
2016/6/16,766.308
2016/6/15,694.469
2016/6/14,685.559
2016/6/13,704.376
2016/6/12,672.784
2016/6/11,606.727
2016/6/10,577.47
2016/6/9,574.63
2016/6/8,581.645
2016/6/7,576.597
2016/6/6,585.537
2016/6/5,574.977
2016/6/4,572.727
2016/6/3,569.194
2016/6/2,537.972
2016/6/1,536.92
2016/5/31,531.386
2016/5/30,533.864
2016/5/29,526.233
2016/5/28,530.04
2016/5/27,473.464
2016/5/26,453.384
2016/5/25,449.599
2016/5/24,445.981
2016/5/23,444.155
2016/5/22,439.323
2016/5/21,443.188
2016/5/20,442.676
2016/5/19,438.715
2016/5/18,454.619
2016/5/17,453.783
2016/5/16,454.163
2016/5/15,457.568
2016/5/14,455.671
2016/5/13,455.67
2016/5/12,454.766
2016/5/11,452.728
2016/5/10,450.895
2016/5/9,460.483
2016/5/8,458.548
2016/5/7,458.536
2016/5/6,459.603
2016/5/5,447.976
2016/5/4,446.722
2016/5/3,450.304
2016/5/2,444.669
2016/5/1,451.875
2016/4/30,448.318
2016/4/29,455.097
2016/4/28,449.011
2016/4/27,444.687
2016/4/26,466.089
2016/4/25,461.426
2016/4/24,458.555
2016/4/23,450.282
2016/4/22,445.737
2016/4/21,449.425
2016/4/20,441.389
2016/4/19,435.509
2016/4/18,428.591
2016/4/17,427.399
2016/4/16,430.572
2016/4/15,429.713
2016/4/14,424.282
2016/4/13,423.734
2016/4/12,425.19
2016/4/11,422.483
2016/4/10,421.564
2016/4/9,419.411
2016/4/8,420.349
2016/4/7,422.745
2016/4/6,423.413
2016/4/5,424.03
2016/4/4,421.444
2016/4/3,420.904
2016/4/2,420.873
2016/4/1,417.96
2016/3/31,416.729
2016/3/30,414.816
2016/3/29,416.516
2016/3/28,424.231
2016/3/27,426.765
2016/3/26,417.945
2016/3/25,417.177
2016/3/24,416.394
2016/3/23,418.041
2016/3/22,418.089
2016/3/21,413.307
2016/3/20,413.755
2016/3/19,410.444
2016/3/18,409.548
2016/3/17,420.621
2016/3/16,417.011
2016/3/15,416.83
2016/3/14,416.438
2016/3/13,414.065
2016/3/12,411.624
2016/3/11,421.69
2016/3/10,417.131
2016/3/9,414.86
2016/3/8,413.972
2016/3/7,414.321
2016/3/6,407.707
2016/3/5,400.57
2016/3/4,410.939
2016/3/3,421.651
2016/3/2,423.989
2016/3/1,435.123
2016/2/29,437.697
2016/2/28,433.504
2016/2/27,432.519
2016/2/26,432.152
2016/2/25,424.544
2016/2/24,424.955
2016/2/23,420.736
2016/2/22,437.748
2016/2/21,438.798
2016/2/20,437.164
2016/2/19,420.785
2016/2/18,422.373
2016/2/17,416.322
2016/2/16,407.488
2016/2/15,400.185
2016/2/14,407.23
2016/2/13,391.86
2016/2/12,384.263
2016/2/11,379.654
2016/2/10,381.649
2016/2/9,376.029
2016/2/8,373.447
2016/2/7,376.62
2016/2/6,376.522
2016/2/5,386.549
2016/2/4,389.594
2016/2/3,369.949
2016/2/2,374.448
2016/2/1,373.056
2016/1/31,368.767
2016/1/30,378.255
2016/1/29,379.474
2016/1/28,380.289
2016/1/27,394.972
2016/1/26,392.153
2016/1/25,391.726
2016/1/24,402.971
2016/1/23,387.491
2016/1/22,382.492
2016/1/21,410.262
2016/1/20,420.23
2016/1/19,380.149
2016/1/18,387.168
2016/1/17,382.299
2016/1/16,387.536
2016/1/15,364.331
2016/1/14,430.306
2016/1/13,432.371
2016/1/12,435.69
2016/1/11,448.428
2016/1/10,447.991
2016/1/9,447.611
2016/1/8,453.23
2016/1/7,458.048
2016/1/6,429.105
2016/1/5,431.96
2016/1/4,433.091
2016/1/3,430.011
2016/1/2,433.438
2016/1/1,434.334
2015/12/31,430.567
2015/12/30,426.62
2015/12/29,432.983
2015/12/28,422.279
2015/12/27,422.823
2015/12/26,417.274
2015/12/25,455.653
2015/12/24,454.985
2015/12/23,442.401
2015/12/22,436.572
2015/12/21,438.639
2015/12/20,442.685
2015/12/19,462.322
2015/12/18,463.616
2015/12/17,456.078
2015/12/16,454.934
2015/12/15,465.321
2015/12/14,444.182
2015/12/13,433.755
2015/12/12,434.997
2015/12/11,451.938
2015/12/10,415.479
2015/12/9,417.563
2015/12/8,415.563
2015/12/7,395.536
2015/12/6,388.783
2015/12/5,388.949
2015/12/4,363.183
2015/12/3,361.046
2015/12/2,359.187
2015/12/1,362.488
2015/11/30,377.321
2015/11/29,371.294
2015/11/28,357.381
2015/11/27,358.042
2015/11/26,352.684
2015/11/25,328.206
2015/11/24,320.046
2015/11/23,323.046
2015/11/22,324.536
2015/11/21,326.927
2015/11/20,322.022
2015/11/19,326.149
2015/11/18,334.59
2015/11/17,335.094
2015/11/16,330.751
2015/11/15,320.166
2015/11/14,332.906
2015/11/13,336.753
2015/11/12,338.152
2015/11/11,311.084
2015/11/10,336.819
2015/11/9,380.257
2015/11/8,373.368
2015/11/7,386.482
2015/11/6,374.47
2015/11/5,386.354
2015/11/4,411.563
2015/11/3,403.417
2015/11/2,361.189
2015/11/1,325.431
2015/10/31,314.166
2015/10/30,328.015
2015/10/29,313.855
2015/10/28,304.618
2015/10/27,293.788
2015/10/26,285.3
2015/10/25,283.68
2015/10/24,281.654
2015/10/23,276.496
2015/10/22,274.023
2015/10/21,266.272
2015/10/20,269.463
2015/10/19,263.437
2015/10/18,261.643
2015/10/17,270.64
2015/10/16,262.869
2015/10/15,254.32
2015/10/14,251.989
2015/10/13,249.508
2015/10/12,245.308
2015/10/11,247.05
2015/10/10,244.941
2015/10/9,243.931
2015/10/8,242.304
2015/10/7,242.969
2015/10/6,246.063
2015/10/5,240.383
2015/10/4,238.259
2015/10/3,238.73
2015/10/2,237.293
2015/10/1,237.549
2015/9/30,236.06
2015/9/29,236.687
2015/9/28,239.142
2015/9/27,232.757
2015/9/26,234.34
2015/9/25,235.144
2015/9/24,234.529
2015/9/23,230.283
2015/9/22,230.618
2015/9/21,227.085
2015/9/20,231.212
2015/9/19,231.493
2015/9/18,232.975
2015/9/17,229.81
2015/9/16,229.091
2015/9/15,230.304
2015/9/14,230.644
2015/9/13,230.512
2015/9/12,235.229
2015/9/11,240.107
2015/9/10,238.477
2015/9/9,238.168
2015/9/8,243.607
2015/9/7,239.847
2015/9/6,239.84
2015/9/5,235.019
2015/9/4,230.298
2015/9/3,227.183
2015/9/2,229.284
2015/9/1,228.121
2015/8/31,230.056
2015/8/30,228.761
2015/8/29,229.78
2015/8/28,231.396
2015/8/27,224.769
2015/8/26,225.831
2015/8/25,221.609
2015/8/24,210.495
2015/8/23,228.169
2015/8/22,230.39
2015/8/21,232.569
2015/8/20,235.35
2015/8/19,226.684
2015/8/18,211.079
2015/8/17,257.976
2015/8/16,258.507
2015/8/15,261.551
2015/8/14,265.68
2015/8/13,264.08
2015/8/12,266.376
2015/8/11,270.386
2015/8/10,264.47
2015/8/9,265.083
2015/8/8,260.997
2015/8/7,279.585
2015/8/6,278.577
2015/8/5,281.882
2015/8/4,285.218
2015/8/3,281.227
2015/8/2,282.614
2015/8/1,281.601
2015/7/31,284.65
2015/7/30,287.722
2015/7/29,289.59
2015/7/28,294.427
2015/7/27,293.624
2015/7/26,292.686
2015/7/25,288.697
2015/7/24,288.278
2015/7/23,276.049
2015/7/22,277.222
2015/7/21,275.833
2015/7/20,278.981
2015/7/19,273.614
2015/7/18,274.901
2015/7/17,279.472
2015/7/16,278.089
2015/7/15,285.829
2015/7/14,287.464
2015/7/13,292.054
2015/7/12,310.867
2015/7/11,293.115
2015/7/10,284.894
2015/7/9,269.228
2015/7/8,270.785
2015/7/7,266.207
2015/7/6,269.03
2015/7/5,271.913
2015/7/4,260.886
2015/7/3,256.336
2015/7/2,255.412
2015/7/1,258.621
2015/6/30,263.072
2015/6/29,257.064
2015/6/28,249.011
2015/6/27,250.99
2015/6/26,243.594
2015/6/25,242.799
2015/6/24,240.515
2015/6/23,244.296
2015/6/22,246.99
2015/6/21,243.944
2015/6/20,245.212
2015/6/19,244.606
2015/6/18,249.007
2015/6/17,249.284
2015/6/16,250.895
2015/6/15,236.823
2015/6/14,233.543
2015/6/13,232.402
2015/6/12,229.982
2015/6/11,229.705
2015/6/10,228.803
2015/6/9,229.048
2015/6/8,228.489
2015/6/7,222.881
2015/6/6,225.619
2015/6/5,224.952
2015/6/4,224.324
2015/6/3,225.874
2015/6/2,225.803
2015/6/1,222.926
2015/5/31,230.19
2015/5/30,233.345
2015/5/29,237.096
2015/5/28,237.408
2015/5/27,237.283
2015/5/26,237.116
2015/5/25,237.11
2015/5/24,240.953
2015/5/23,238.872
2015/5/22,240.348
2015/5/21,235.344
2015/5/20,234.018
2015/5/19,231.947
2015/5/18,233.128
2015/5/17,236.802
2015/5/16,236.153
2015/5/15,237.605
2015/5/14,236.929
2015/5/13,236.377
2015/5/12,241.112
2015/5/11,242.158
2015/5/10,240.296
2015/5/9,241.832
2015/5/8,243.863
2015/5/7,237.334
2015/5/6,229.782
2015/5/5,236.121
2015/5/4,239.018
2015/5/3,240.358
2015/5/2,234.93
2015/5/1,232.079
2015/4/30,236.145
2015/4/29,225.808
2015/4/28,225.855
2015/4/27,229.286
2015/4/26,219.43
2015/4/25,226.39
2015/4/24,231.268
2015/4/23,236.462
2015/4/22,234.176
2015/4/21,235.269
2015/4/20,224.626
2015/4/19,222.6
2015/4/18,223.356
2015/4/17,222.882
2015/4/16,228.573
2015/4/15,223.833
2015/4/14,219.159
2015/4/13,224.587
2015/4/12,236.153
2015/4/11,236.552
2015/4/10,236.072
2015/4/9,243.676
2015/4/8,245.022
2015/4/7,253.18
2015/4/6,255.492
2015/4/5,260.598
2015/4/4,253.697
2015/4/3,254.322
2015/4/2,253.005
2015/4/1,247.272
2015/3/31,244.224
2015/3/30,247.526
2015/3/29,242.713
2015/3/28,252.798
2015/3/27,247.029
2015/3/26,248.532
2015/3/25,246.197
2015/3/24,245.595
2015/3/23,266.74
2015/3/22,267.96
2015/3/21,260.025
2015/3/20,261.749
2015/3/19,260.928
2015/3/18,256.299
2015/3/17,285.505
2015/3/16,290.593
2015/3/15,286.393
2015/3/14,281.885
2015/3/13,285.337
2015/3/12,294.354
2015/3/11,296.379
2015/3/10,291.76
2015/3/9,289.607
2015/3/8,274.354
2015/3/7,276.261
2015/3/6,272.723
2015/3/5,276.178
2015/3/4,273.092
2015/3/3,281.702
2015/3/2,275.67
2015/3/1,260.202
2015/2/28,254.263
2015/2/27,253.828
2015/2/26,236.426
2015/2/25,237.47
2015/2/24,238.735
2015/2/23,238.892
2015/2/22,235.977
2015/2/21,244.534
2015/2/20,243.779
2015/2/19,240.283
2015/2/18,236.326
2015/2/17,243.61
2015/2/16,233.843
2015/2/15,234.825
2015/2/14,257.321
2015/2/13,235.427
2015/2/12,221.764
2015/2/11,219.185
2015/2/10,219.839
2015/2/9,220.11
2015/2/8,223.412
2015/2/7,227.754
2015/2/6,222.266
2015/2/5,217.111
2015/2/4,226.853
2015/2/3,227.268
2015/2/2,238.229
2015/2/1,226.972
2015/1/31,217.464
2015/1/30,226.425
2015/1/29,233.513
2015/1/28,233.915
2015/1/27,263.475
2015/1/26,273.473
2015/1/25,253.718
2015/1/24,247.847
2015/1/23,232.879
2015/1/22,233.406
2015/1/21,226.897
2015/1/20,211.315
2015/1/19,214.861
2015/1/18,210.339
2015/1/17,199.26
2015/1/16,208.097
2015/1/15,209.844
2015/1/14,178.103
2015/1/13,225.861
2015/1/12,267.796
2015/1/11,265.66
2015/1/10,274.796
2015/1/9,290.408
2015/1/8,283.349
2015/1/7,294.337
2015/1/6,286.189
2015/1/5,274.474
2015/1/4,264.195
2015/1/3,281.082
2015/1/2,315.032
2015/1/1,314.249
2014/12/31,320.193
2014/12/30,310.737
2014/12/29,312.67
2014/12/28,317.239
2014/12/27,315.863
2014/12/26,327.924
2014/12/25,319.008
2014/12/24,322.534
2014/12/23,334.572
2014/12/22,331.886
2014/12/21,320.843
2014/12/20,329.956
2014/12/19,317.843
2014/12/18,311.396
2014/12/17,319.776
2014/12/16,327.062
2014/12/15,345.345
2014/12/14,351.632
2014/12/13,347.376
2014/12/12,352.542
2014/12/11,350.506
2014/12/10,346.365
2014/12/9,352.219
2014/12/8,361.909
2014/12/7,375.095
2014/12/6,374.785
2014/12/5,376.854
2014/12/4,369.604
2014/12/3,375.01
2014/12/2,381.315
2014/12/1,379.245
2014/11/30,378.047
2014/11/29,375.491
2014/11/28,376.447
2014/11/27,369.67
2014/11/26,368.37
2014/11/25,375.348
2014/11/24,376.901
2014/11/23,367.573
2014/11/22,352.92
2014/11/21,350.848
2014/11/20,357.84
2014/11/19,380.555
2014/11/18,375.198
2014/11/17,387.408
2014/11/16,387.882
2014/11/15,376.133
2014/11/14,397.818
2014/11/13,420.735
2014/11/12,423.561
2014/11/11,367.695
2014/11/10,366.924
2014/11/9,363.264
2014/11/8,345.488
2014/11/7,342.415
2014/11/6,349.29
2014/11/5,339.486
2014/11/4,330.492
2014/11/3,327.554
2014/11/2,325.892
2014/11/1,325.749
2014/10/31,338.321
2014/10/30,345.305
2014/10/29,335.591
2014/10/28,357.618
2014/10/27,352.989
2014/10/26,354.704
2014/10/25,347.271
2014/10/24,358.345
2014/10/23,358.417
2014/10/22,383.158
2014/10/21,386.475
2014/10/20,382.845
2014/10/19,389.546
2014/10/18,391.442
2014/10/17,383.758
2014/10/16,382.556
2014/10/15,394.773
2014/10/14,400.87
2014/10/13,390.414
2014/10/12,378.549
2014/10/11,362.299
2014/10/10,361.562
2014/10/9,365.026
2014/10/8,352.94
2014/10/7,336.187
2014/10/6,330.079
2014/10/5,320.51
2014/10/4,328.866
2014/10/3,359.512
2014/10/2,375.072
2014/10/1,383.615
2014/9/30,386.944
2014/9/29,375.467
2014/9/28,377.181
2014/9/27,399.52
2014/9/26,404.425
2014/9/25,411.574
2014/9/24,423.205
2014/9/23,435.791
2014/9/22,402.152
2014/9/21,398.821
2014/9/20,408.904
2014/9/19,394.796
2014/9/18,424.44
2014/9/17,457.334
